Frame,Time (s),Object Count
0,0.00,4
1,0.03,4
2,0.07,4
3,0.10,4
4,0.13,4
5,0.17,4
6,0.20,4
7,0.23,4
8,0.27,4
9,0.30,4
10,0.33,4
11,0.37,4
12,0.40,4
13,0.43,4
14,0.47,4
15,0.50,4
16,0.53,4
17,0.57,4
18,0.60,4
19,0.63,4
20,0.67,4
21,0.70,4
22,0.73,4
23,0.77,4
24,0.80,4
25,0.83,4
26,0.87,4
27,0.90,4
28,0.93,4
29,0.97,4
30,1.00,4
31,1.03,4
32,1.07,4
33,1.10,4
34,1.13,4
35,1.17,4
36,1.20,4
37,1.23,4
38,1.27,4
39,1.30,4
40,1.33,4
41,1.37,4
42,1.40,4
43,1.43,4
44,1.47,4
45,1.50,4
46,1.53,4
47,1.57,4
48,1.60,4
49,1.63,4
50,1.67,4
51,1.70,4
52,1.73,4
53,1.77,4
54,1.80,4
55,1.83,4
56,1.87,4
57,1.90,4
58,1.93,4
59,1.97,4
60,2.00,4
61,2.03,4
62,2.07,4
63,2.10,4
64,2.13,4
65,2.17,4
66,2.20,4
67,2.23,4
68,2.27,4
69,2.30,4
70,2.33,4
71,2.37,4
72,2.40,4
73,2.43,4
74,2.47,4
75,2.50,4
76,2.53,4
77,2.57,4
78,2.60,4
79,2.63,4
80,2.67,4
81,2.70,4
82,2.73,4
83,2.77,4
84,2.80,4
85,2.83,4
86,2.87,4
87,2.90,4
88,2.93,4
89,2.97,4
90,3.00,4
91,3.03,4
92,3.07,4
93,3.10,4
94,3.13,4
95,3.17,4
96,3.20,4
97,3.23,4
98,3.27,4
99,3.30,4
100,3.33,4
101,3.37,4
102,3.40,4
103,3.43,4
104,3.47,4
105,3.50,4
106,3.53,4
107,3.57,4
108,3.60,4
109,3.63,4
110,3.67,4
111,3.70,4
112,3.73,4
113,3.77,4
114,3.80,4
115,3.83,4
116,3.87,4
117,3.90,4
118,3.93,4
119,3.97,4
120,4.00,4
121,4.03,4
122,4.07,4
123,4.10,4
124,4.13,4
125,4.17,4
126,4.20,4
127,4.23,4
128,4.27,4
129,4.30,4
130,4.33,4
131,4.37,4
132,4.40,4
133,4.43,4
134,4.47,4
135,4.50,4
136,4.53,4
137,4.57,4
138,4.60,4
139,4.63,4
140,4.67,4
141,4.70,4
142,4.73,4
143,4.77,4
144,4.80,4
145,4.83,4
146,4.87,4
147,4.90,4
148,4.93,4
149,4.97,4
150,5.00,4
151,5.03,4
152,5.07,4
153,5.10,4
154,5.13,4
155,5.17,4
156,5.20,4
157,5.23,4
158,5.27,4
159,5.30,4
160,5.33,4
161,5.37,4
162,5.40,4
163,5.43,4
164,5.47,4
165,5.50,4
166,5.53,4
167,5.57,4
168,5.60,5
169,5.63,5
170,5.67,5
171,5.70,5
172,5.73,4
173,5.77,4
174,5.80,5
175,5.83,5
176,5.87,5
177,5.90,5
178,5.93,6
179,5.97,6
180,6.00,5
181,6.03,5
182,6.07,5
183,6.10,5
184,6.13,5
185,6.17,5
186,6.20,5
187,6.23,5
188,6.27,5
189,6.30,5
190,6.33,5
191,6.37,5
192,6.40,4
193,6.43,4
194,6.47,4
195,6.50,4
196,6.53,4
197,6.57,4
198,6.60,4
199,6.63,5
200,6.67,5
201,6.70,5
202,6.73,4
203,6.77,4
204,6.80,4
205,6.83,4
206,6.87,4
207,6.90,4
208,6.93,4
209,6.97,4
210,7.00,4
211,7.03,4
212,7.07,4
213,7.10,4
214,7.13,4
215,7.17,4
216,7.20,4
217,7.23,4
218,7.27,4
219,7.30,4
220,7.33,4
221,7.37,4
222,7.40,4
223,7.43,4
224,7.47,4
225,7.50,4
226,7.53,4
227,7.57,4
228,7.60,4
229,7.63,4
230,7.67,4
231,7.70,4
232,7.73,4
233,7.77,4
234,7.80,4
235,7.83,4
236,7.87,4
237,7.90,4
238,7.93,4
239,7.97,4
240,8.00,4
241,8.03,3
242,8.07,3
243,8.10,3
244,8.13,4
245,8.17,4
246,8.20,4
247,8.23,5
248,8.27,5
249,8.30,5
250,8.33,4
251,8.37,4
252,8.40,5
253,8.43,4
254,8.47,4
255,8.50,4
256,8.53,3
257,8.57,3
258,8.60,3
259,8.63,3
260,8.67,3
261,8.70,3
262,8.73,3
263,8.77,3
264,8.80,3
265,8.83,3
266,8.87,3
267,8.90,3
268,8.93,3
269,8.97,3
270,9.00,4
271,9.03,4
272,9.07,4
273,9.10,4
274,9.13,3
275,9.17,3
276,9.20,4
277,9.23,3
278,9.27,3
279,9.30,3
280,9.33,3
281,9.37,3
282,9.40,3
283,9.43,3
284,9.47,3
285,9.50,3
286,9.53,3
287,9.57,3
288,9.60,3
289,9.63,3
290,9.67,3
291,9.70,3
292,9.73,3
293,9.77,3
294,9.80,3
295,9.83,3
296,9.87,3
297,9.90,3
298,9.93,3
299,9.97,3
300,10.00,3
301,10.03,3
302,10.07,3
303,10.10,3
304,10.13,3
305,10.17,3
306,10.20,3
307,10.23,3
308,10.27,3
309,10.30,3
310,10.33,3
311,10.37,3
312,10.40,3
313,10.43,3
314,10.47,3
315,10.50,3
316,10.53,3
317,10.57,3
318,10.60,3
319,10.63,3
320,10.67,3
321,10.70,3
322,10.73,3
323,10.77,3
324,10.80,3
325,10.83,3
326,10.87,3
327,10.90,3
328,10.93,4
329,10.97,4
330,11.00,4
331,11.03,4
332,11.07,4
333,11.10,4
334,11.13,4
335,11.17,4
336,11.20,4
337,11.23,4
338,11.27,4
339,11.30,4
340,11.33,3
341,11.37,3
342,11.40,3
343,11.43,4
344,11.47,4
345,11.50,4
346,11.53,4
347,11.57,4
348,11.60,4
349,11.63,4
350,11.67,4
351,11.70,4
352,11.73,4
353,11.77,4
354,11.80,4
355,11.83,4
356,11.87,4
357,11.90,4
358,11.93,4
359,11.97,4
360,12.00,4
361,12.03,5
362,12.07,5
363,12.10,5
364,12.13,4
365,12.17,4
366,12.20,4
367,12.23,4
368,12.27,4
369,12.30,4
370,12.33,4
371,12.37,4
372,12.40,4
373,12.43,4
374,12.47,4
375,12.50,4
376,12.53,4
377,12.57,4
378,12.60,4
379,12.63,4
380,12.67,4
381,12.70,4
382,12.73,4
383,12.77,4
384,12.80,4
385,12.83,4
386,12.87,4
387,12.90,4
388,12.93,4
389,12.97,4
390,13.00,4
391,13.03,4
392,13.07,4
393,13.10,4
394,13.13,4
395,13.17,4
396,13.20,3
397,13.23,3
398,13.27,3
399,13.30,4
400,13.33,4
401,13.37,4
402,13.40,4
403,13.43,4
404,13.47,4
405,13.50,4
406,13.53,4
407,13.57,4
408,13.60,4
409,13.63,4
410,13.67,4
411,13.70,4
412,13.73,3
413,13.77,3
414,13.80,4
415,13.83,4
416,13.87,4
417,13.90,3
418,13.93,3
419,13.97,3
420,14.00,4
421,14.03,4
422,14.07,4
423,14.10,4
424,14.13,3
425,14.17,3
426,14.20,3
427,14.23,3
428,14.27,3
429,14.30,3
430,14.33,3
431,14.37,3
432,14.40,4
433,14.43,4
434,14.47,3
435,14.50,4
436,14.53,4
437,14.57,4
438,14.60,4
439,14.63,4
440,14.67,4
441,14.70,4
442,14.73,4
443,14.77,4
444,14.80,4
445,14.83,4
446,14.87,4
447,14.90,4
448,14.93,4
449,14.97,4
450,15.00,4
451,15.03,4
452,15.07,4
453,15.10,3
454,15.13,4
455,15.17,4
456,15.20,3
457,15.23,3
458,15.27,3
459,15.30,4
460,15.33,4
461,15.37,4
462,15.40,5
463,15.43,5
464,15.47,5
465,15.50,4
466,15.53,4
467,15.57,4
468,15.60,5
469,15.63,4
470,15.67,4
471,15.70,4
472,15.73,4
473,15.77,4
474,15.80,4
475,15.83,4
476,15.87,4
477,15.90,4
478,15.93,4
479,15.97,4
480,16.00,4
481,16.03,4
482,16.07,4
483,16.10,4
484,16.13,4
485,16.17,4
486,16.20,3
487,16.23,3
488,16.27,3
489,16.30,3
490,16.33,3
491,16.37,3
492,16.40,3
493,16.43,3
494,16.47,3
495,16.50,3
496,16.53,3
497,16.57,3
498,16.60,3
499,16.63,3
500,16.67,3
501,16.70,3
502,16.73,3
503,16.77,3
504,16.80,3
505,16.83,3
506,16.87,3
507,16.90,4
508,16.93,3
509,16.97,3
510,17.00,4
511,17.03,4
512,17.07,4
513,17.10,4
514,17.13,4
515,17.17,4
516,17.20,4
517,17.23,4
518,17.27,4
519,17.30,4
520,17.33,4
521,17.37,4
522,17.40,4
523,17.43,4
524,17.47,4
525,17.50,3
526,17.53,4
527,17.57,4
528,17.60,4
529,17.63,4
530,17.67,4
531,17.70,4
532,17.73,3
533,17.77,3
534,17.80,3
535,17.83,3
536,17.87,3
537,17.90,3
538,17.93,3
539,17.97,3
540,18.00,3
541,18.03,3
542,18.07,3
543,18.10,3
544,18.13,4
545,18.17,4
546,18.20,3
547,18.23,3
548,18.27,3
549,18.30,4
550,18.33,3
551,18.37,3
552,18.40,3
553,18.43,3
554,18.47,3
555,18.50,3
556,18.53,3
557,18.57,3
558,18.60,4
559,18.63,4
560,18.67,4
561,18.70,4
562,18.73,3
563,18.77,3
564,18.80,3
565,18.83,3
566,18.87,3
567,18.90,3
568,18.93,4
569,18.97,4
570,19.00,3
571,19.03,3
572,19.07,3
573,19.10,3
574,19.13,4
575,19.17,4
576,19.20,5
577,19.23,5
578,19.27,5
579,19.30,4
580,19.33,3
581,19.37,3
582,19.40,3
583,19.43,3
584,19.47,3
585,19.50,3
586,19.53,4
587,19.57,3
588,19.60,3
589,19.63,3
590,19.67,3
591,19.70,3
592,19.73,3
593,19.77,3
594,19.80,4
595,19.83,4
596,19.87,4
597,19.90,4
598,19.93,4
599,19.97,4
600,20.00,4
601,20.03,4
602,20.07,4
603,20.10,4
604,20.13,4
605,20.17,4
606,20.20,4
607,20.23,4
608,20.27,4
609,20.30,4
610,20.33,4
611,20.37,4
612,20.40,4
613,20.43,4
614,20.47,4
615,20.50,3
616,20.53,3
617,20.57,3
618,20.60,3
619,20.63,3
620,20.67,3
621,20.70,3
622,20.73,3
623,20.77,3
624,20.80,3
625,20.83,3
626,20.87,3
627,20.90,3
628,20.93,3
629,20.97,3
630,21.00,3
631,21.03,3
632,21.07,3
633,21.10,3
634,21.13,3
635,21.17,3
636,21.20,4
637,21.23,4
638,21.27,3
639,21.30,4
640,21.33,4
641,21.37,4
642,21.40,4
643,21.43,4
644,21.47,4
645,21.50,4
646,21.53,4
647,21.57,4
648,21.60,4
649,21.63,4
650,21.67,4
651,21.70,4
652,21.73,3
653,21.77,3
654,21.80,5
655,21.83,5
656,21.87,5
657,21.90,4
658,21.93,3
659,21.97,3
660,22.00,3
661,22.03,3
662,22.07,3
663,22.10,3
664,22.13,3
665,22.17,3
666,22.20,3
667,22.23,3
668,22.27,3
669,22.30,4
670,22.33,4
671,22.37,4
672,22.40,4
673,22.43,4
674,22.47,4
675,22.50,4
676,22.53,4
677,22.57,4
678,22.60,4
679,22.63,4
680,22.67,4
681,22.70,4
682,22.73,4
683,22.77,4
684,22.80,4
685,22.83,4
686,22.87,4
687,22.90,4
688,22.93,4
689,22.97,4
690,23.00,4
691,23.03,4
692,23.07,4
693,23.10,4
694,23.13,4
695,23.17,4
696,23.20,4
697,23.23,4
698,23.27,4
699,23.30,4
700,23.33,4
701,23.37,4
702,23.40,3
703,23.43,3
704,23.47,3
705,23.50,4
706,23.53,4
707,23.57,4
708,23.60,4
709,23.63,4
710,23.67,4
711,23.70,4
712,23.73,4
713,23.77,4
714,23.80,4
715,23.83,4
716,23.87,4
717,23.90,4
718,23.93,4
719,23.97,4
720,24.00,4
721,24.03,4
722,24.07,4
723,24.10,4
724,24.13,4
725,24.17,4
726,24.20,4
727,24.23,4
728,24.27,4
729,24.30,4
730,24.33,4
731,24.37,4
732,24.40,4
733,24.43,4
734,24.47,4
735,24.50,4
736,24.53,4
737,24.57,4
738,24.60,4
739,24.63,4
740,24.67,4
741,24.70,4
742,24.73,4
743,24.77,4
744,24.80,4
745,24.83,4
746,24.87,4
747,24.90,4
748,24.93,4
749,24.97,4
750,25.00,4
751,25.03,4
752,25.07,4
753,25.10,4
754,25.13,3
755,25.17,3
756,25.20,4
757,25.23,4
758,25.27,4
759,25.30,3
760,25.33,3
761,25.37,3
762,25.40,3
763,25.43,3
764,25.47,3
765,25.50,4
766,25.53,4
767,25.57,4
768,25.60,4
769,25.63,4
770,25.67,4
771,25.70,4
772,25.73,4
773,25.77,4
774,25.80,4
775,25.83,4
776,25.87,4
777,25.90,4
778,25.93,4
779,25.97,4
780,26.00,4
781,26.03,4
782,26.07,4
783,26.10,4
784,26.13,4
785,26.17,4
786,26.20,4
787,26.23,4
788,26.27,4
789,26.30,4
790,26.33,4
791,26.37,4
792,26.40,4
793,26.43,4
794,26.47,4
795,26.50,4
796,26.53,4
797,26.57,4
798,26.60,4
799,26.63,4
800,26.67,4
801,26.70,4
802,26.73,4
803,26.77,4
804,26.80,4
805,26.83,4
806,26.87,4
807,26.90,4
808,26.93,4
809,26.97,4
810,27.00,4
811,27.03,4
812,27.07,4
813,27.10,4
814,27.13,4
815,27.17,4
816,27.20,3
817,27.23,3
818,27.27,3
819,27.30,4
820,27.33,3
821,27.37,3
822,27.40,3
823,27.43,3
824,27.47,3
825,27.50,3
826,27.53,3
827,27.57,3
828,27.60,4
829,27.63,4
830,27.67,4
831,27.70,3
832,27.73,3
833,27.77,3
834,27.80,4
835,27.83,4
836,27.87,4
837,27.90,4
838,27.93,4
839,27.97,4
840,28.00,4
841,28.03,4
842,28.07,4
843,28.10,4
844,28.13,3
845,28.17,3
846,28.20,4
847,28.23,4
848,28.27,4
849,28.30,4
850,28.33,4
851,28.37,4
852,28.40,4
853,28.43,4
854,28.47,4
855,28.50,4
856,28.53,4
857,28.57,4
858,28.60,4
859,28.63,4
860,28.67,4
861,28.70,4
862,28.73,4
863,28.77,4
864,28.80,4
865,28.83,4
866,28.87,4
867,28.90,4
868,28.93,4
869,28.97,4
870,29.00,4
871,29.03,4
872,29.07,4
873,29.10,4
874,29.13,4
875,29.17,4
876,29.20,4
877,29.23,4
878,29.27,4
879,29.30,4
880,29.33,4
881,29.37,4
882,29.40,4
883,29.43,4
884,29.47,4
885,29.50,4
886,29.53,4
887,29.57,4
888,29.60,4
889,29.63,4
890,29.67,4
891,29.70,4
892,29.73,4
893,29.77,4
894,29.80,4
895,29.83,4
896,29.87,4
897,29.90,4
898,29.93,4
899,29.97,4
900,30.00,4
901,30.03,4
902,30.07,4
903,30.10,4
904,30.13,4
905,30.17,4
906,30.20,4
907,30.23,4
908,30.27,4
909,30.30,5
910,30.33,4
911,30.37,4
912,30.40,5
913,30.43,5
914,30.47,5
915,30.50,5
916,30.53,5
917,30.57,4
918,30.60,4
919,30.63,5
920,30.67,5
921,30.70,4
922,30.73,4
923,30.77,5
924,30.80,5
925,30.83,5
926,30.87,5
927,30.90,5
928,30.93,4
929,30.97,4
930,31.00,4
931,31.03,4
932,31.07,4
933,31.10,4
934,31.13,3
935,31.17,4
936,31.20,3
937,31.23,3
938,31.27,3
939,31.30,3
940,31.33,3
941,31.37,3
942,31.40,4
943,31.43,4
944,31.47,4
945,31.50,4
946,31.53,3
947,31.57,3
948,31.60,3
949,31.63,3
950,31.67,3
951,31.70,3
952,31.73,3
953,31.77,3
954,31.80,4
955,31.83,3
956,31.87,4
957,31.90,3
958,31.93,4
959,31.97,4
960,32.00,4
961,32.03,4
962,32.07,4
963,32.10,4
964,32.13,4
965,32.17,4
966,32.20,4
967,32.23,4
968,32.27,4
969,32.30,3
970,32.33,4
971,32.37,4
972,32.40,4
973,32.43,4
974,32.47,4
975,32.50,3
976,32.53,3
977,32.57,3
978,32.60,3
979,32.63,3
980,32.67,3
981,32.70,3
982,32.73,3
983,32.77,3
984,32.80,3
985,32.83,3
986,32.87,3
987,32.90,3
988,32.93,3
989,32.97,3
990,33.00,3
991,33.03,3
992,33.07,3
993,33.10,3
994,33.13,3
995,33.17,3
996,33.20,3
997,33.23,3
998,33.27,3
999,33.30,3
1000,33.33,3
1001,33.37,3
1002,33.40,3
1003,33.43,3
1004,33.47,3
1005,33.50,3
1006,33.53,3
1007,33.57,3
1008,33.60,3
1009,33.63,3
1010,33.67,3
1011,33.70,3
1012,33.73,3
1013,33.77,3
1014,33.80,3
1015,33.83,3
1016,33.87,3
1017,33.90,3
1018,33.93,3
1019,33.97,3
1020,34.00,3
1021,34.03,3
1022,34.07,3
1023,34.10,3
1024,34.13,3
1025,34.17,3
1026,34.20,3
1027,34.23,3
1028,34.27,3
1029,34.30,3
1030,34.33,3
1031,34.37,3
1032,34.40,3
1033,34.43,3
1034,34.47,3
1035,34.50,3
1036,34.53,3
1037,34.57,3
1038,34.60,3
1039,34.63,3
1040,34.67,3
1041,34.70,3
1042,34.73,3
1043,34.77,3
1044,34.80,3
1045,34.83,3
1046,34.87,3
1047,34.90,3
1048,34.93,3
1049,34.97,3
1050,35.00,3
1051,35.03,3
1052,35.07,3
1053,35.10,3
1054,35.13,3
1055,35.17,3
1056,35.20,3
1057,35.23,3
1058,35.27,3
1059,35.30,3
1060,35.33,3
1061,35.37,3
1062,35.40,3
1063,35.43,3
1064,35.47,3
1065,35.50,3
1066,35.53,3
1067,35.57,3
1068,35.60,3
1069,35.63,3
1070,35.67,3
1071,35.70,4
1072,35.73,4
1073,35.77,4
1074,35.80,4
1075,35.83,4
1076,35.87,4
1077,35.90,4
1078,35.93,4
1079,35.97,4
1080,36.00,3
1081,36.03,3
1082,36.07,3
1083,36.10,3
1084,36.13,3
1085,36.17,3
1086,36.20,3
1087,36.23,3
1088,36.27,3
1089,36.30,3
1090,36.33,3
1091,36.37,3
1092,36.40,3
1093,36.43,3
1094,36.47,3
1095,36.50,3
1096,36.53,3
1097,36.57,3
1098,36.60,3
1099,36.63,3
1100,36.67,3
1101,36.70,3
1102,36.73,3
1103,36.77,3
1104,36.80,3
1105,36.83,3
1106,36.87,3
1107,36.90,3
1108,36.93,3
1109,36.97,3
1110,37.00,3
1111,37.03,3
1112,37.07,3
1113,37.10,3
1114,37.13,3
1115,37.17,3
1116,37.20,3
1117,37.23,3
1118,37.27,3
1119,37.30,3
1120,37.33,3
1121,37.37,3
1122,37.40,3
1123,37.43,3
1124,37.47,3
1125,37.50,3
1126,37.53,3
1127,37.57,3
1128,37.60,3
1129,37.63,3
1130,37.67,3
1131,37.70,3
1132,37.73,3
1133,37.77,3
1134,37.80,3
1135,37.83,3
1136,37.87,3
1137,37.90,3
1138,37.93,3
1139,37.97,3
1140,38.00,3
1141,38.03,3
1142,38.07,3
1143,38.10,3
1144,38.13,3
1145,38.17,3
1146,38.20,3
1147,38.23,3
1148,38.27,3
1149,38.30,3
1150,38.33,3
1151,38.37,3
1152,38.40,3
1153,38.43,3
1154,38.47,3
1155,38.50,3
1156,38.53,3
1157,38.57,3
1158,38.60,3
1159,38.63,3
1160,38.67,3
1161,38.70,3
1162,38.73,3
1163,38.77,3
1164,38.80,3
1165,38.83,3
1166,38.87,3
1167,38.90,3
1168,38.93,3
1169,38.97,3
1170,39.00,3
1171,39.03,3
1172,39.07,3
1173,39.10,3
1174,39.13,4
1175,39.17,4
1176,39.20,4
1177,39.23,4
1178,39.27,4
1179,39.30,4
1180,39.33,3
1181,39.37,3
1182,39.40,3
1183,39.43,3
1184,39.47,3
1185,39.50,3
1186,39.53,3
1187,39.57,3
1188,39.60,4
1189,39.63,4
1190,39.67,4
1191,39.70,4
1192,39.73,4
1193,39.77,4
1194,39.80,4
1195,39.83,4
1196,39.87,4
1197,39.90,4
1198,39.93,4
1199,39.97,4
1200,40.00,4
1201,40.03,4
1202,40.07,4
1203,40.10,3
1204,40.13,3
1205,40.17,4
1206,40.20,4
1207,40.23,3
1208,40.27,3
1209,40.30,3
1210,40.33,3
1211,40.37,3
1212,40.40,3
1213,40.43,3
1214,40.47,3
1215,40.50,3
1216,40.53,3
1217,40.57,3
1218,40.60,3
1219,40.63,3
1220,40.67,3
1221,40.70,3
1222,40.73,3
1223,40.77,3
1224,40.80,3
1225,40.83,3
1226,40.87,3
1227,40.90,3
1228,40.93,3
1229,40.97,3
1230,41.00,3
1231,41.03,3
1232,41.07,3
1233,41.10,3
1234,41.13,3
1235,41.17,3
1236,41.20,3
1237,41.23,3
1238,41.27,3
1239,41.30,3
1240,41.33,3
1241,41.37,3
1242,41.40,3
1243,41.43,4
1244,41.47,4
1245,41.50,4
1246,41.53,4
1247,41.57,4
1248,41.60,4
1249,41.63,4
1250,41.67,4
1251,41.70,3
1252,41.73,4
1253,41.77,4
1254,41.80,4
1255,41.83,4
1256,41.87,4
1257,41.90,4
1258,41.93,3
1259,41.97,3
1260,42.00,3
1261,42.03,3
1262,42.07,3
1263,42.10,3
1264,42.13,3
1265,42.17,3
1266,42.20,3
1267,42.23,3
1268,42.27,3
1269,42.30,3
1270,42.33,3
1271,42.37,3
1272,42.40,3
1273,42.43,3
1274,42.47,3
1275,42.50,3
1276,42.53,3
1277,42.57,3
1278,42.60,3
1279,42.63,3
1280,42.67,4
1281,42.70,3
1282,42.73,3
1283,42.77,3
1284,42.80,3
1285,42.83,3
1286,42.87,3
1287,42.90,3
1288,42.93,3
1289,42.97,3
1290,43.00,3
1291,43.03,3
1292,43.07,3
1293,43.10,3
1294,43.13,2
1295,43.17,2
1296,43.20,2
1297,43.23,2
1298,43.27,2
1299,43.30,2
1300,43.33,2
1301,43.37,2
1302,43.40,2
1303,43.43,2
1304,43.47,2
1305,43.50,2
1306,43.53,2
1307,43.57,2
1308,43.60,2
1309,43.63,3
1310,43.67,2
1311,43.70,2
1312,43.73,2
1313,43.77,2
1314,43.80,2
1315,43.83,2
1316,43.87,2
1317,43.90,3
1318,43.93,3
1319,43.97,3
1320,44.00,3
1321,44.03,3
1322,44.07,3
1323,44.10,3
1324,44.13,3
1325,44.17,3
1326,44.20,3
1327,44.23,4
1328,44.27,4
1329,44.30,3
1330,44.33,3
1331,44.37,3
1332,44.40,3
1333,44.43,3
1334,44.47,3
1335,44.50,3
1336,44.53,3
1337,44.57,3
1338,44.60,3
1339,44.63,4
1340,44.67,4
1341,44.70,4
1342,44.73,4
1343,44.77,4
1344,44.80,4
1345,44.83,3
1346,44.87,3
1347,44.90,3
1348,44.93,3
1349,44.97,3
1350,45.00,3
1351,45.03,3
1352,45.07,3
1353,45.10,3
1354,45.13,3
1355,45.17,3
1356,45.20,3
1357,45.23,3
1358,45.27,3
1359,45.30,3
1360,45.33,3
1361,45.37,3
1362,45.40,3
1363,45.43,3
1364,45.47,3
1365,45.50,4
1366,45.53,4
1367,45.57,4
1368,45.60,4
1369,45.63,3
1370,45.67,3
1371,45.70,3
1372,45.73,2
1373,45.77,2
1374,45.80,2
1375,45.83,3
1376,45.87,3
1377,45.90,3
1378,45.93,3
1379,45.97,3
1380,46.00,3
1381,46.03,3
1382,46.07,3
1383,46.10,4
1384,46.13,3
1385,46.17,3
1386,46.20,3
1387,46.23,3
1388,46.27,3
1389,46.30,3
1390,46.33,3
1391,46.37,3
1392,46.40,3
1393,46.43,3
1394,46.47,3
1395,46.50,3
1396,46.53,3
1397,46.57,3
1398,46.60,3
1399,46.63,3
1400,46.67,3
1401,46.70,3
1402,46.73,5
1403,46.77,4
1404,46.80,5
1405,46.83,4
1406,46.87,4
1407,46.90,4
1408,46.93,4
1409,46.97,4
1410,47.00,4
1411,47.03,4
1412,47.07,4
1413,47.10,4
1414,47.13,4
1415,47.17,4
1416,47.20,4
1417,47.23,4
1418,47.27,4
1419,47.30,4
1420,47.33,4
1421,47.37,4
1422,47.40,4
1423,47.43,4
1424,47.47,4
1425,47.50,4
1426,47.53,4
1427,47.57,4
1428,47.60,4
1429,47.63,4
1430,47.67,4
1431,47.70,4
1432,47.73,4
1433,47.77,4
1434,47.80,4
1435,47.83,4
1436,47.87,4
1437,47.90,4
1438,47.93,4
1439,47.97,4
1440,48.00,4
1441,48.03,4
1442,48.07,3
1443,48.10,3
1444,48.13,3
1445,48.17,3
1446,48.20,3
1447,48.23,3
1448,48.27,3
1449,48.30,3
1450,48.33,3
1451,48.37,3
1452,48.40,3
1453,48.43,3
1454,48.47,3
1455,48.50,3
1456,48.53,3
1457,48.57,3
1458,48.60,3
1459,48.63,3
1460,48.67,3
1461,48.70,3
1462,48.73,3
1463,48.77,3
1464,48.80,3
1465,48.83,4
1466,48.87,4
1467,48.90,4
1468,48.93,3
1469,48.97,3
1470,49.00,3
1471,49.03,3
1472,49.07,3
1473,49.10,3
1474,49.13,2
1475,49.17,3
1476,49.20,3
1477,49.23,3
1478,49.27,4
1479,49.30,3
1480,49.33,3
1481,49.37,3
1482,49.40,3
1483,49.43,3
1484,49.47,3
1485,49.50,3
1486,49.53,3
1487,49.57,3
1488,49.60,3
1489,49.63,3
1490,49.67,3
1491,49.70,3
1492,49.73,3
1493,49.77,3
1494,49.80,3
1495,49.83,3
1496,49.87,3
1497,49.90,3
1498,49.93,3
1499,49.97,3
1500,50.00,3
1501,50.03,3
1502,50.07,3
1503,50.10,3
1504,50.13,3
1505,50.17,3
1506,50.20,3
1507,50.23,3
1508,50.27,3
1509,50.30,3
1510,50.33,3
1511,50.37,3
1512,50.40,3
1513,50.43,3
1514,50.47,3
1515,50.50,3
1516,50.53,3
1517,50.57,3
1518,50.60,3
1519,50.63,3
1520,50.67,3
1521,50.70,3
1522,50.73,3
1523,50.77,3
1524,50.80,3
1525,50.83,3
1526,50.87,3
1527,50.90,3
1528,50.93,3
1529,50.97,3
1530,51.00,3
1531,51.03,3
1532,51.07,3
1533,51.10,3
1534,51.13,3
1535,51.17,3
1536,51.20,3
1537,51.23,3
1538,51.27,3
1539,51.30,3
1540,51.33,3
1541,51.37,3
1542,51.40,3
1543,51.43,3
1544,51.47,3
1545,51.50,3
1546,51.53,3
1547,51.57,3
1548,51.60,3
1549,51.63,3
1550,51.67,3
1551,51.70,3
1552,51.73,3
1553,51.77,3
1554,51.80,3
1555,51.83,3
1556,51.87,3
1557,51.90,3
1558,51.93,3
1559,51.97,3
1560,52.00,3
1561,52.03,3
1562,52.07,3
1563,52.10,3
1564,52.13,3
1565,52.17,3
1566,52.20,3
1567,52.23,3
1568,52.27,3
1569,52.30,3
1570,52.33,3
1571,52.37,3
1572,52.40,3
1573,52.43,3
1574,52.47,3
1575,52.50,3
1576,52.53,3
1577,52.57,3
1578,52.60,3
1579,52.63,3
1580,52.67,3
1581,52.70,3
1582,52.73,3
1583,52.77,3
1584,52.80,3
1585,52.83,3
1586,52.87,3
1587,52.90,3
1588,52.93,3
1589,52.97,3
1590,53.00,3
1591,53.03,3
1592,53.07,3
1593,53.10,3
1594,53.13,3
1595,53.17,3
1596,53.20,3
1597,53.23,3
1598,53.27,3
1599,53.30,3
1600,53.33,3
1601,53.37,3
1602,53.40,3
1603,53.43,3
1604,53.47,3
1605,53.50,3
1606,53.53,3
1607,53.57,3
1608,53.60,3
1609,53.63,3
1610,53.67,3
1611,53.70,3
1612,53.73,3
1613,53.77,3
1614,53.80,3
1615,53.83,3
1616,53.87,3
1617,53.90,3
1618,53.93,3
1619,53.97,3
1620,54.00,3
1621,54.03,3
1622,54.07,3
1623,54.10,3
1624,54.13,3
1625,54.17,3
1626,54.20,3
1627,54.23,3
1628,54.27,3
1629,54.30,3
1630,54.33,3
1631,54.37,3
1632,54.40,3
1633,54.43,3
1634,54.47,3
1635,54.50,3
1636,54.53,3
1637,54.57,3
1638,54.60,3
1639,54.63,3
1640,54.67,3
1641,54.70,3
1642,54.73,3
1643,54.77,3
1644,54.80,3
1645,54.83,3
1646,54.87,3
1647,54.90,3
1648,54.93,3
1649,54.97,3
1650,55.00,3
1651,55.03,3
1652,55.07,3
1653,55.10,3
1654,55.13,3
1655,55.17,3
1656,55.20,3
1657,55.23,3
1658,55.27,3
1659,55.30,3
1660,55.33,3
1661,55.37,3
1662,55.40,3
1663,55.43,3
1664,55.47,3
1665,55.50,3
1666,55.53,3
1667,55.57,3
1668,55.60,3
1669,55.63,3
1670,55.67,3
1671,55.70,3
1672,55.73,3
1673,55.77,3
1674,55.80,3
1675,55.83,3
1676,55.87,3
1677,55.90,3
1678,55.93,3
1679,55.97,3
1680,56.00,3
1681,56.03,3
1682,56.07,3
1683,56.10,3
1684,56.13,3
1685,56.17,3
1686,56.20,3
1687,56.23,3
1688,56.27,3
1689,56.30,3
1690,56.33,3
1691,56.37,3
1692,56.40,3
1693,56.43,3
1694,56.47,3
1695,56.50,3
1696,56.53,3
1697,56.57,3
1698,56.60,3
1699,56.63,3
1700,56.67,3
1701,56.70,3
1702,56.73,3
1703,56.77,3
1704,56.80,3
1705,56.83,3
1706,56.87,3
1707,56.90,3
1708,56.93,3
1709,56.97,3
1710,57.00,3
1711,57.03,3
1712,57.07,3
1713,57.10,3
1714,57.13,3
1715,57.17,3
1716,57.20,3
1717,57.23,3
1718,57.27,3
1719,57.30,3
1720,57.33,3
1721,57.37,3
1722,57.40,3
1723,57.43,3
1724,57.47,3
1725,57.50,3
1726,57.53,4
1727,57.57,3
1728,57.60,3
1729,57.63,3
1730,57.67,4
1731,57.70,3
1732,57.73,3
1733,57.77,3
1734,57.80,3
1735,57.83,3
1736,57.87,3
1737,57.90,3
1738,57.93,3
1739,57.97,3
1740,58.00,3
1741,58.03,3
1742,58.07,3
1743,58.10,3
1744,58.13,3
1745,58.17,3
1746,58.20,3
1747,58.23,3
1748,58.27,3
1749,58.30,3
1750,58.33,2
1751,58.37,2
1752,58.40,2
1753,58.43,2
1754,58.47,3
1755,58.50,3
1756,58.53,3
1757,58.57,3
1758,58.60,3
1759,58.63,3
1760,58.67,3
1761,58.70,3
1762,58.73,3
1763,58.77,3
1764,58.80,3
1765,58.83,3
1766,58.87,3
1767,58.90,3
1768,58.93,3
1769,58.97,3
1770,59.00,3
1771,59.03,3
1772,59.07,3
1773,59.10,3
1774,59.13,3
1775,59.17,3
1776,59.20,3
1777,59.23,3
1778,59.27,3
1779,59.30,3
1780,59.33,3
1781,59.37,3
1782,59.40,3
1783,59.43,3
1784,59.47,3
1785,59.50,3
1786,59.53,3
1787,59.57,3
1788,59.60,3
1789,59.63,3
1790,59.67,3
1791,59.70,3
1792,59.73,3
1793,59.77,3
1794,59.80,3
1795,59.83,3
1796,59.87,3
1797,59.90,3
1798,59.93,3
1799,59.97,3
1800,60.00,3
1801,60.03,3
1802,60.07,3
1803,60.10,3
1804,60.13,3
1805,60.17,3
1806,60.20,3
1807,60.23,3
1808,60.27,3
1809,60.30,3
1810,60.33,3
1811,60.37,3
1812,60.40,3
1813,60.43,3
1814,60.47,3
1815,60.50,3
1816,60.53,3
1817,60.57,3
1818,60.60,3
1819,60.63,3
1820,60.67,3
1821,60.70,3
1822,60.73,3
1823,60.77,3
1824,60.80,3
1825,60.83,3
1826,60.87,3
1827,60.90,3
1828,60.93,3
1829,60.97,3
1830,61.00,3
1831,61.03,3
1832,61.07,3
1833,61.10,3
1834,61.13,3
1835,61.17,3
1836,61.20,3
1837,61.23,3
1838,61.27,3
1839,61.30,3
1840,61.33,3
1841,61.37,3
1842,61.40,3
1843,61.43,3
1844,61.47,3
1845,61.50,3
1846,61.53,3
1847,61.57,3
1848,61.60,3
1849,61.63,3
1850,61.67,3
1851,61.70,3
1852,61.73,3
1853,61.77,3
1854,61.80,3
1855,61.83,3
1856,61.87,3
1857,61.90,3
1858,61.93,3
1859,61.97,3
1860,62.00,3
1861,62.03,3
1862,62.07,3
1863,62.10,3
1864,62.13,3
1865,62.17,3
1866,62.20,3
1867,62.23,3
1868,62.27,3
1869,62.30,3
1870,62.33,2
1871,62.37,2
1872,62.40,2
1873,62.43,2
1874,62.47,2
1875,62.50,4
1876,62.53,3
1877,62.57,3
1878,62.60,3
1879,62.63,4
1880,62.67,4
1881,62.70,3
1882,62.73,3
1883,62.77,3
1884,62.80,3
1885,62.83,3
1886,62.87,3
1887,62.90,3
1888,62.93,3
1889,62.97,3
1890,63.00,3
1891,63.03,3
1892,63.07,3
1893,63.10,3
1894,63.13,3
1895,63.17,3
1896,63.20,3
1897,63.23,3
1898,63.27,3
1899,63.30,3
1900,63.33,3
1901,63.37,3
1902,63.40,3
1903,63.43,3
1904,63.47,3
1905,63.50,3
1906,63.53,3
1907,63.57,3
1908,63.60,3
1909,63.63,3
1910,63.67,3
1911,63.70,3
1912,63.73,3
1913,63.77,3
1914,63.80,3
1915,63.83,3
1916,63.87,3
1917,63.90,3
1918,63.93,3
1919,63.97,3
1920,64.00,3
1921,64.03,3
1922,64.07,3
1923,64.10,3
1924,64.13,3
1925,64.17,3
1926,64.20,3
1927,64.23,3
1928,64.27,3
1929,64.30,3
1930,64.33,3
1931,64.37,3
1932,64.40,3
1933,64.43,3
1934,64.47,3
1935,64.50,3
1936,64.53,3
1937,64.57,3
1938,64.60,3
1939,64.63,3
1940,64.67,3
1941,64.70,3
1942,64.73,3
1943,64.77,3
1944,64.80,3
1945,64.83,3
1946,64.87,3
1947,64.90,3
1948,64.93,3
1949,64.97,3
1950,65.00,3
1951,65.03,3
1952,65.07,3
1953,65.10,3
1954,65.13,3
1955,65.17,3
1956,65.20,3
1957,65.23,3
1958,65.27,3
1959,65.30,3
1960,65.33,3
1961,65.37,3
1962,65.40,3
1963,65.43,3
1964,65.47,3
1965,65.50,3
1966,65.53,3
1967,65.57,3
1968,65.60,3
1969,65.63,3
1970,65.67,3
1971,65.70,3
1972,65.73,3
1973,65.77,3
1974,65.80,3
1975,65.83,3
1976,65.87,3
1977,65.90,3
1978,65.93,3
1979,65.97,3
1980,66.00,3
1981,66.03,3
1982,66.07,3
1983,66.10,3
1984,66.13,3
1985,66.17,3
1986,66.20,3
1987,66.23,3
1988,66.27,3
1989,66.30,3
1990,66.33,3
1991,66.37,3
1992,66.40,3
1993,66.43,3
1994,66.47,3
1995,66.50,3
1996,66.53,3
1997,66.57,3
1998,66.60,3
1999,66.63,3
2000,66.67,3
2001,66.70,3
2002,66.73,3
2003,66.77,3
2004,66.80,3
2005,66.83,3
2006,66.87,3
2007,66.90,3
2008,66.93,3
2009,66.97,3
2010,67.00,3
2011,67.03,3
2012,67.07,3
2013,67.10,3
2014,67.13,3
2015,67.17,3
2016,67.20,3
2017,67.23,3
2018,67.27,3
2019,67.30,3
2020,67.33,3
2021,67.37,3
2022,67.40,3
2023,67.43,3
2024,67.47,3
2025,67.50,3
2026,67.53,3
2027,67.57,3
2028,67.60,3
2029,67.63,3
2030,67.67,3
2031,67.70,3
2032,67.73,3
2033,67.77,3
2034,67.80,3
2035,67.83,3
2036,67.87,3
2037,67.90,3
2038,67.93,3
2039,67.97,3
2040,68.00,3
2041,68.03,3
2042,68.07,3
2043,68.10,3
2044,68.13,3
2045,68.17,3
2046,68.20,3
2047,68.23,3
2048,68.27,3
2049,68.30,3
2050,68.33,3
2051,68.37,3
2052,68.40,3
2053,68.43,3
2054,68.47,3
2055,68.50,3
2056,68.53,3
2057,68.57,3
2058,68.60,3
2059,68.63,3
2060,68.67,3
2061,68.70,3
2062,68.73,3
2063,68.77,3
2064,68.80,3
2065,68.83,3
2066,68.87,3
2067,68.90,3
2068,68.93,3
2069,68.97,3
2070,69.00,3
2071,69.03,3
2072,69.07,3
2073,69.10,3
2074,69.13,3
2075,69.17,3
2076,69.20,3
2077,69.23,4
2078,69.27,4
2079,69.30,5
2080,69.33,4
2081,69.37,4
2082,69.40,4
2083,69.43,4
2084,69.47,4
2085,69.50,4
2086,69.53,4
2087,69.57,4
2088,69.60,4
2089,69.63,4
2090,69.67,4
2091,69.70,3
2092,69.73,3
2093,69.77,3
2094,69.80,3
2095,69.83,3
2096,69.87,3
2097,69.90,4
2098,69.93,5
2099,69.97,5
2100,70.00,5
2101,70.03,5
2102,70.07,3
2103,70.10,4
2104,70.13,4
2105,70.17,4
2106,70.20,4
2107,70.23,4
2108,70.27,4
2109,70.30,4
2110,70.33,4
2111,70.37,4
2112,70.40,4
2113,70.43,4
2114,70.47,4
2115,70.50,4
2116,70.53,3
2117,70.57,3
2118,70.60,3
2119,70.63,3
2120,70.67,3
2121,70.70,3
2122,70.73,3
2123,70.77,3
2124,70.80,3
2125,70.83,4
2126,70.87,4
2127,70.90,4
2128,70.93,4
2129,70.97,4
2130,71.00,4
2131,71.03,5
2132,71.07,5
2133,71.10,5
2134,71.13,4
2135,71.17,5
2136,71.20,4
2137,71.23,3
2138,71.27,3
2139,71.30,3
2140,71.33,3
2141,71.37,3
2142,71.40,3
2143,71.43,3
2144,71.47,3
2145,71.50,3
2146,71.53,3
2147,71.57,3
2148,71.60,3
2149,71.63,3
2150,71.67,3
2151,71.70,3
2152,71.73,4
2153,71.77,4
2154,71.80,4
2155,71.83,4
2156,71.87,4
2157,71.90,4
2158,71.93,4
2159,71.97,4
2160,72.00,4
2161,72.03,4
2162,72.07,4
2163,72.10,4
2164,72.13,4
2165,72.17,4
2166,72.20,4
2167,72.23,4
2168,72.27,4
2169,72.30,4
2170,72.33,4
2171,72.37,4
2172,72.40,4
2173,72.43,4
2174,72.47,4
2175,72.50,4
2176,72.53,4
2177,72.57,4
2178,72.60,4
2179,72.63,3
2180,72.67,3
2181,72.70,3
2182,72.73,3
2183,72.77,3
2184,72.80,3
2185,72.83,4
2186,72.87,4
2187,72.90,4
2188,72.93,4
2189,72.97,4
2190,73.00,4
2191,73.03,4
2192,73.07,4
2193,73.10,4
2194,73.13,4
2195,73.17,4
2196,73.20,4
2197,73.23,4
2198,73.27,4
2199,73.30,4
2200,73.33,4
2201,73.37,4
2202,73.40,4
2203,73.43,3
2204,73.47,3
2205,73.50,4
2206,73.53,4
2207,73.57,4
2208,73.60,4
2209,73.63,4
2210,73.67,4
2211,73.70,5
2212,73.73,6
2213,73.77,6
2214,73.80,6
2215,73.83,4
2216,73.87,4
2217,73.90,4
2218,73.93,4
2219,73.97,4
2220,74.00,4
2221,74.03,4
2222,74.07,5
2223,74.10,5
2224,74.13,4
2225,74.17,4
2226,74.20,4
2227,74.23,4
2228,74.27,4
2229,74.30,4
2230,74.33,4
2231,74.37,4
2232,74.40,4
2233,74.43,4
2234,74.47,4
2235,74.50,4
2236,74.53,4
2237,74.57,4
2238,74.60,4
2239,74.63,4
2240,74.67,4
2241,74.70,4
2242,74.73,4
2243,74.77,4
2244,74.80,4
2245,74.83,4
2246,74.87,4
2247,74.90,4
2248,74.93,4
2249,74.97,4
2250,75.00,4
2251,75.03,4
2252,75.07,4
2253,75.10,4
2254,75.13,4
2255,75.17,4
2256,75.20,4
2257,75.23,4
2258,75.27,4
2259,75.30,4
2260,75.33,4
2261,75.37,4
2262,75.40,4
2263,75.43,4
2264,75.47,4
2265,75.50,3
2266,75.53,3
2267,75.57,3
2268,75.60,3
2269,75.63,3
2270,75.67,3
2271,75.70,3
2272,75.73,3
2273,75.77,3
2274,75.80,3
2275,75.83,3
2276,75.87,3
2277,75.90,3
2278,75.93,3
2279,75.97,3
2280,76.00,3
2281,76.03,3
2282,76.07,3
2283,76.10,3
2284,76.13,3
2285,76.17,3
2286,76.20,3
2287,76.23,3
2288,76.27,3
2289,76.30,3
2290,76.33,3
2291,76.37,3
2292,76.40,3
2293,76.43,3
2294,76.47,3
2295,76.50,3
2296,76.53,3
2297,76.57,3
2298,76.60,3
2299,76.63,3
2300,76.67,3
2301,76.70,3
2302,76.73,3
2303,76.77,3
2304,76.80,3
2305,76.83,3
2306,76.87,3
2307,76.90,3
2308,76.93,3
2309,76.97,3
2310,77.00,3
2311,77.03,4
2312,77.07,4
2313,77.10,3
2314,77.13,3
2315,77.17,3
2316,77.20,3
2317,77.23,3
2318,77.27,3
2319,77.30,3
2320,77.33,4
2321,77.37,4
2322,77.40,4
2323,77.43,4
2324,77.47,4
2325,77.50,3
2326,77.53,3
2327,77.57,3
2328,77.60,3
2329,77.63,3
2330,77.67,3
2331,77.70,3
2332,77.73,3
2333,77.77,3
2334,77.80,3
2335,77.83,3
2336,77.87,3
2337,77.90,3
2338,77.93,3
2339,77.97,3
2340,78.00,3
2341,78.03,3
2342,78.07,3
2343,78.10,3
2344,78.13,3
2345,78.17,3
2346,78.20,3
2347,78.23,3
2348,78.27,3
2349,78.30,3
2350,78.33,3
2351,78.37,3
2352,78.40,3
2353,78.43,3
2354,78.47,3
2355,78.50,3
2356,78.53,3
2357,78.57,3
2358,78.60,3
2359,78.63,3
2360,78.67,3
2361,78.70,3
2362,78.73,3
2363,78.77,3
2364,78.80,3
2365,78.83,3
2366,78.87,3
2367,78.90,3
2368,78.93,3
2369,78.97,3
2370,79.00,3
2371,79.03,3
2372,79.07,3
2373,79.10,3
2374,79.13,3
2375,79.17,3
2376,79.20,3
2377,79.23,3
2378,79.27,3
2379,79.30,3
2380,79.33,3
2381,79.37,3
2382,79.40,3
2383,79.43,3
2384,79.47,3
2385,79.50,3
2386,79.53,3
2387,79.57,3
2388,79.60,3
2389,79.63,3
2390,79.67,3
2391,79.70,3
2392,79.73,3
2393,79.77,3
2394,79.80,3
2395,79.83,3
2396,79.87,3
2397,79.90,3
2398,79.93,3
2399,79.97,3
2400,80.00,3
2401,80.03,3
2402,80.07,3
2403,80.10,3
2404,80.13,3
2405,80.17,3
2406,80.20,3
2407,80.23,3
2408,80.27,3
2409,80.30,3
2410,80.33,3
2411,80.37,3
2412,80.40,3
2413,80.43,3
2414,80.47,3
2415,80.50,3
2416,80.53,3
2417,80.57,3
2418,80.60,3
2419,80.63,3
2420,80.67,3
2421,80.70,3
2422,80.73,3
2423,80.77,3
2424,80.80,3
2425,80.83,3
2426,80.87,3
2427,80.90,3
2428,80.93,3
2429,80.97,3
2430,81.00,3
2431,81.03,3
2432,81.07,3
2433,81.10,3
2434,81.13,3
2435,81.17,3
2436,81.20,3
2437,81.23,3
2438,81.27,3
2439,81.30,3
2440,81.33,3
2441,81.37,3
2442,81.40,3
2443,81.43,3
2444,81.47,3
2445,81.50,3
2446,81.53,3
2447,81.57,3
2448,81.60,3
2449,81.63,2
2450,81.67,2
2451,81.70,3
2452,81.73,3
2453,81.77,3
2454,81.80,3
2455,81.83,3
2456,81.87,4
2457,81.90,3
2458,81.93,4
2459,81.97,4
2460,82.00,4
2461,82.03,4
2462,82.07,4
2463,82.10,4
2464,82.13,4
2465,82.17,4
2466,82.20,4
2467,82.23,4
2468,82.27,4
2469,82.30,4
2470,82.33,4
2471,82.37,4
2472,82.40,4
2473,82.43,6
2474,82.47,6
2475,82.50,5
2476,82.53,5
2477,82.57,5
2478,82.60,5
2479,82.63,5
2480,82.67,5
2481,82.70,7
2482,82.73,6
2483,82.77,7
2484,82.80,5
2485,82.83,6
2486,82.87,6
2487,82.90,4
2488,82.93,4
2489,82.97,4
2490,83.00,3
2491,83.03,3
2492,83.07,3
2493,83.10,3
2494,83.13,3
2495,83.17,3
2496,83.20,5
2497,83.23,4
2498,83.27,4
2499,83.30,4
2500,83.33,4
2501,83.37,4
2502,83.40,4
2503,83.43,4
2504,83.47,4
2505,83.50,4
2506,83.53,4
2507,83.57,4
2508,83.60,4
2509,83.63,5
2510,83.67,5
2511,83.70,5
2512,83.73,5
2513,83.77,5
2514,83.80,4
2515,83.83,4
2516,83.87,4
2517,83.90,4
2518,83.93,4
2519,83.97,4
2520,84.00,4
2521,84.03,4
2522,84.07,4
2523,84.10,4
2524,84.13,4
2525,84.17,4
2526,84.20,4
2527,84.23,4
2528,84.27,4
2529,84.30,4
2530,84.33,4
2531,84.37,4
2532,84.40,4
2533,84.43,3
2534,84.47,3
2535,84.50,4
2536,84.53,4
2537,84.57,4
2538,84.60,4
2539,84.63,4
2540,84.67,4
2541,84.70,4
2542,84.73,4
2543,84.77,4
2544,84.80,4
2545,84.83,4
2546,84.87,4
2547,84.90,4
2548,84.93,4
2549,84.97,4
2550,85.00,4
2551,85.03,4
2552,85.07,4
2553,85.10,4
2554,85.13,4
2555,85.17,4
2556,85.20,4
2557,85.23,4
2558,85.27,4
2559,85.30,4
2560,85.33,4
2561,85.37,5
2562,85.40,5
2563,85.43,5
2564,85.47,5
2565,85.50,5
2566,85.53,5
2567,85.57,5
2568,85.60,4
2569,85.63,4
2570,85.67,4
2571,85.70,4
2572,85.73,4
2573,85.77,4
2574,85.80,4
2575,85.83,4
2576,85.87,4
2577,85.90,4
2578,85.93,4
2579,85.97,4
2580,86.00,4
2581,86.03,4
2582,86.07,4
2583,86.10,4
2584,86.13,4
2585,86.17,4
2586,86.20,4
2587,86.23,4
2588,86.27,4
2589,86.30,4
2590,86.33,4
2591,86.37,4
2592,86.40,4
2593,86.43,4
2594,86.47,4
2595,86.50,4
2596,86.53,4
2597,86.57,4
2598,86.60,4
2599,86.63,4
2600,86.67,4
2601,86.70,4
2602,86.73,4
2603,86.77,4
2604,86.80,4
2605,86.83,4
2606,86.87,4
2607,86.90,4
2608,86.93,4
2609,86.97,4
2610,87.00,4
2611,87.03,4
2612,87.07,4
2613,87.10,4
2614,87.13,4
2615,87.17,4
2616,87.20,4
2617,87.23,4
2618,87.27,4
2619,87.30,4
2620,87.33,4
2621,87.37,4
2622,87.40,4
2623,87.43,4
2624,87.47,4
2625,87.50,4
2626,87.53,4
2627,87.57,4
2628,87.60,4
2629,87.63,4
2630,87.67,4
2631,87.70,4
2632,87.73,4
2633,87.77,4
2634,87.80,4
2635,87.83,4
2636,87.87,4
2637,87.90,4
2638,87.93,4
2639,87.97,4
2640,88.00,4
2641,88.03,4
2642,88.07,4
2643,88.10,4
2644,88.13,4
2645,88.17,4
2646,88.20,4
2647,88.23,4
2648,88.27,4
2649,88.30,4
2650,88.33,4
2651,88.37,4
2652,88.40,4
2653,88.43,4
2654,88.47,4
2655,88.50,4
2656,88.53,4
2657,88.57,4
2658,88.60,4
2659,88.63,4
2660,88.67,4
2661,88.70,4
2662,88.73,4
2663,88.77,4
2664,88.80,4
2665,88.83,4
2666,88.87,4
2667,88.90,4
2668,88.93,4
2669,88.97,4
2670,89.00,4
2671,89.03,4
2672,89.07,4
2673,89.10,4
2674,89.13,4
2675,89.17,4
2676,89.20,4
2677,89.23,4
2678,89.27,4
2679,89.30,4
2680,89.33,4
2681,89.37,4
2682,89.40,4
2683,89.43,4
2684,89.47,4
2685,89.50,4
2686,89.53,4
2687,89.57,4
2688,89.60,4
2689,89.63,4
2690,89.67,4
2691,89.70,4
2692,89.73,4
2693,89.77,4
2694,89.80,4
2695,89.83,4
2696,89.87,4
2697,89.90,4
2698,89.93,4
2699,89.97,4
2700,90.00,4
2701,90.03,4
2702,90.07,4
2703,90.10,4
2704,90.13,4
2705,90.17,4
2706,90.20,4
2707,90.23,4
2708,90.27,4
2709,90.30,4
2710,90.33,4
2711,90.37,4
2712,90.40,4
2713,90.43,4
2714,90.47,4
2715,90.50,4
2716,90.53,4
2717,90.57,4
2718,90.60,4
2719,90.63,4
2720,90.67,4
2721,90.70,4
2722,90.73,4
2723,90.77,4
2724,90.80,4
2725,90.83,4
2726,90.87,4
2727,90.90,4
2728,90.93,4
2729,90.97,4
2730,91.00,4
2731,91.03,4
2732,91.07,4
2733,91.10,4
2734,91.13,4
2735,91.17,4
2736,91.20,4
2737,91.23,4
2738,91.27,4
2739,91.30,4
2740,91.33,4
2741,91.37,4
2742,91.40,4
2743,91.43,4
2744,91.47,4
2745,91.50,4
2746,91.53,4
2747,91.57,4
2748,91.60,4
2749,91.63,4
2750,91.67,4
2751,91.70,4
2752,91.73,4
2753,91.77,4
2754,91.80,4
2755,91.83,3
2756,91.87,4
2757,91.90,3
2758,91.93,3
2759,91.97,3
2760,92.00,3
2761,92.03,5
2762,92.07,5
2763,92.10,4
2764,92.13,4
2765,92.17,4
2766,92.20,4
2767,92.23,4
2768,92.27,4
2769,92.30,5
2770,92.33,5
2771,92.37,5
2772,92.40,4
2773,92.43,5
2774,92.47,5
2775,92.50,4
2776,92.53,4
2777,92.57,4
2778,92.60,3
2779,92.63,4
2780,92.67,4
2781,92.70,4
2782,92.73,4
2783,92.77,4
2784,92.80,4
2785,92.83,4
2786,92.87,4
2787,92.90,4
2788,92.93,4
2789,92.97,4
2790,93.00,4
2791,93.03,4
2792,93.07,4
2793,93.10,4
2794,93.13,4
2795,93.17,4
2796,93.20,4
2797,93.23,4
2798,93.27,4
2799,93.30,4
2800,93.33,4
2801,93.37,4
2802,93.40,4
2803,93.43,4
2804,93.47,4
2805,93.50,4
2806,93.53,4
2807,93.57,4
2808,93.60,4
2809,93.63,4
2810,93.67,4
2811,93.70,4
2812,93.73,4
2813,93.77,4
2814,93.80,4
2815,93.83,4
2816,93.87,4
2817,93.90,4
2818,93.93,4
2819,93.97,4
2820,94.00,4
2821,94.03,4
2822,94.07,4
2823,94.10,4
2824,94.13,4
2825,94.17,4
2826,94.20,4
2827,94.23,4
2828,94.27,4
2829,94.30,5
2830,94.33,5
2831,94.37,5
2832,94.40,5
2833,94.43,5
2834,94.47,5
2835,94.50,5
2836,94.53,5
2837,94.57,5
2838,94.60,5
2839,94.63,5
2840,94.67,5
2841,94.70,5
2842,94.73,5
2843,94.77,5
2844,94.80,5
2845,94.83,4
2846,94.87,4
2847,94.90,4
2848,94.93,4
2849,94.97,4
2850,95.00,4
2851,95.03,4
2852,95.07,4
2853,95.10,4
2854,95.13,4
2855,95.17,4
2856,95.20,4
2857,95.23,4
2858,95.27,4
2859,95.30,4
2860,95.33,4
2861,95.37,4
2862,95.40,4
2863,95.43,3
2864,95.47,3
2865,95.50,3
2866,95.53,3
2867,95.57,3
2868,95.60,3
2869,95.63,3
2870,95.67,3
2871,95.70,3
2872,95.73,3
2873,95.77,3
2874,95.80,3
2875,95.83,3
2876,95.87,3
2877,95.90,4
2878,95.93,4
2879,95.97,4
2880,96.00,3
2881,96.03,4
2882,96.07,4
2883,96.10,4
2884,96.13,4
2885,96.17,4
2886,96.20,4
2887,96.23,4
2888,96.27,4
2889,96.30,4
2890,96.33,4
2891,96.37,4
2892,96.40,4
2893,96.43,4
2894,96.47,4
2895,96.50,4
2896,96.53,4
2897,96.57,4
2898,96.60,4
2899,96.63,4
2900,96.67,4
2901,96.70,4
2902,96.73,4
2903,96.77,4
2904,96.80,4
2905,96.83,4
2906,96.87,4
2907,96.90,4
2908,96.93,4
2909,96.97,4
2910,97.00,4
2911,97.03,4
2912,97.07,4
2913,97.10,4
2914,97.13,4
2915,97.17,4
2916,97.20,4
2917,97.23,4
2918,97.27,4
2919,97.30,4
2920,97.33,4
2921,97.37,4
2922,97.40,4
2923,97.43,4
2924,97.47,4
2925,97.50,4
2926,97.53,4
2927,97.57,4
2928,97.60,4
2929,97.63,4
2930,97.67,4
2931,97.70,4
2932,97.73,4
2933,97.77,4
2934,97.80,4
2935,97.83,4
2936,97.87,4
2937,97.90,4
2938,97.93,4
2939,97.97,4
2940,98.00,4
2941,98.03,4
2942,98.07,4
2943,98.10,4
2944,98.13,4
2945,98.17,4
2946,98.20,4
2947,98.23,4
2948,98.27,4
2949,98.30,4
2950,98.33,4
2951,98.37,4
2952,98.40,4
2953,98.43,4
2954,98.47,4
2955,98.50,4
2956,98.53,4
2957,98.57,4
2958,98.60,4
2959,98.63,4
2960,98.67,4
2961,98.70,4
2962,98.73,4
2963,98.77,4
2964,98.80,4
2965,98.83,4
2966,98.87,4
2967,98.90,4
2968,98.93,4
2969,98.97,4
2970,99.00,4
2971,99.03,3
2972,99.07,3
2973,99.10,3
2974,99.13,3
2975,99.17,3
2976,99.20,3
2977,99.23,3
2978,99.27,3
2979,99.30,3
2980,99.33,3
2981,99.37,3
2982,99.40,3
2983,99.43,3
2984,99.47,3
2985,99.50,3
2986,99.53,3
2987,99.57,3
2988,99.60,3
2989,99.63,3
2990,99.67,3
2991,99.70,3
2992,99.73,3
2993,99.77,3
2994,99.80,5
2995,99.83,5
2996,99.87,5
2997,99.90,5
2998,99.93,5
2999,99.97,5
3000,100.00,5
3001,100.03,4
3002,100.07,4
3003,100.10,4
3004,100.13,4
3005,100.17,4
3006,100.20,4
3007,100.23,5
3008,100.27,5
3009,100.30,5
3010,100.33,5
3011,100.37,5
3012,100.40,4
3013,100.43,4
3014,100.47,4
3015,100.50,4
3016,100.53,4
3017,100.57,4
3018,100.60,4
3019,100.63,4
3020,100.67,4
3021,100.70,4
3022,100.73,4
3023,100.77,4
3024,100.80,4
3025,100.83,4
3026,100.87,4
3027,100.90,4
3028,100.93,4
3029,100.97,4
3030,101.00,5
3031,101.03,4
3032,101.07,4
3033,101.10,4
3034,101.13,4
3035,101.17,4
3036,101.20,4
3037,101.23,4
3038,101.27,4
3039,101.30,4
3040,101.33,4
3041,101.37,4
3042,101.40,4
3043,101.43,5
3044,101.47,5
3045,101.50,5
3046,101.53,5
3047,101.57,5
3048,101.60,4
3049,101.63,4
3050,101.67,4
3051,101.70,4
3052,101.73,5
3053,101.77,5
3054,101.80,4
3055,101.83,5
3056,101.87,5
3057,101.90,4
3058,101.93,5
3059,101.97,5
3060,102.00,4
3061,102.03,5
3062,102.07,4
3063,102.10,6
3064,102.13,6
3065,102.17,6
3066,102.20,4
3067,102.23,5
3068,102.27,5
3069,102.30,5
3070,102.33,5
3071,102.37,5
3072,102.40,5
3073,102.43,5
3074,102.47,5
3075,102.50,4
3076,102.53,4
3077,102.57,4
3078,102.60,5
3079,102.63,5
3080,102.67,5
3081,102.70,5
3082,102.73,5
3083,102.77,5
3084,102.80,5
3085,102.83,4
3086,102.87,4
3087,102.90,5
3088,102.93,5
3089,102.97,5
3090,103.00,5
3091,103.03,5
3092,103.07,5
3093,103.10,4
3094,103.13,4
3095,103.17,4
3096,103.20,4
3097,103.23,5
3098,103.27,5
3099,103.30,4
3100,103.33,4
3101,103.37,4
3102,103.40,4
3103,103.43,4
3104,103.47,4
3105,103.50,4
3106,103.53,4
3107,103.57,4
3108,103.60,4
3109,103.63,4
3110,103.67,4
3111,103.70,4
3112,103.73,4
3113,103.77,4
3114,103.80,4
3115,103.83,4
3116,103.87,4
3117,103.90,4
3118,103.93,4
3119,103.97,4
3120,104.00,4
3121,104.03,4
3122,104.07,4
3123,104.10,4
3124,104.13,4
3125,104.17,4
3126,104.20,4
3127,104.23,4
3128,104.27,4
3129,104.30,4
3130,104.33,4
3131,104.37,4
3132,104.40,4
3133,104.43,4
3134,104.47,4
3135,104.50,4
3136,104.53,4
3137,104.57,4
3138,104.60,4
3139,104.63,4
3140,104.67,4
3141,104.70,4
3142,104.73,4
3143,104.77,4
3144,104.80,4
3145,104.83,4
3146,104.87,4
3147,104.90,4
3148,104.93,4
3149,104.97,4
3150,105.00,4
3151,105.03,4
3152,105.07,4
3153,105.10,4
3154,105.13,4
3155,105.17,4
3156,105.20,4
3157,105.23,4
3158,105.27,4
3159,105.30,4
3160,105.33,4
3161,105.37,4
3162,105.40,3
3163,105.43,3
3164,105.47,3
3165,105.50,3
3166,105.53,3
3167,105.57,3
3168,105.60,3
3169,105.63,3
3170,105.67,3
3171,105.70,3
3172,105.73,3
3173,105.77,3
3174,105.80,4
3175,105.83,4
3176,105.87,5
3177,105.90,3
3178,105.93,3
3179,105.97,3
3180,106.00,5
3181,106.03,5
3182,106.07,4
3183,106.10,4
3184,106.13,4
3185,106.17,4
3186,106.20,4
3187,106.23,4
3188,106.27,4
3189,106.30,4
3190,106.33,4
3191,106.37,4
3192,106.40,4
3193,106.43,5
3194,106.47,5
3195,106.50,4
3196,106.53,4
3197,106.57,4
3198,106.60,4
3199,106.63,5
3200,106.67,5
3201,106.70,5
3202,106.73,5
3203,106.77,5
3204,106.80,4
3205,106.83,6
3206,106.87,6
3207,106.90,4
3208,106.93,4
3209,106.97,4
3210,107.00,3
3211,107.03,4
3212,107.07,4
3213,107.10,4
3214,107.13,4
3215,107.17,4
3216,107.20,4
3217,107.23,5
3218,107.27,5
3219,107.30,5
3220,107.33,5
3221,107.37,5
3222,107.40,4
3223,107.43,4
3224,107.47,4
3225,107.50,4
3226,107.53,4
3227,107.57,4
3228,107.60,4
3229,107.63,4
3230,107.67,4
3231,107.70,4
3232,107.73,4
3233,107.77,4
3234,107.80,4
3235,107.83,5
3236,107.87,5
3237,107.90,4
3238,107.93,4
3239,107.97,4
3240,108.00,4
3241,108.03,4
3242,108.07,4
3243,108.10,4
3244,108.13,4
3245,108.17,4
3246,108.20,5
3247,108.23,5
3248,108.27,5
3249,108.30,5
3250,108.33,5
3251,108.37,5
3252,108.40,5
3253,108.43,5
3254,108.47,5
3255,108.50,5
3256,108.53,5
3257,108.57,5
3258,108.60,4
3259,108.63,4
3260,108.67,4
3261,108.70,4
3262,108.73,4
3263,108.77,4
3264,108.80,4
3265,108.83,4
3266,108.87,4
3267,108.90,4
3268,108.93,4
3269,108.97,4
3270,109.00,4
3271,109.03,4
3272,109.07,4
3273,109.10,4
3274,109.13,4
3275,109.17,4
3276,109.20,4
3277,109.23,4
3278,109.27,4
3279,109.30,4
3280,109.33,4
3281,109.37,4
3282,109.40,4
3283,109.43,4
3284,109.47,4
3285,109.50,4
3286,109.53,4
3287,109.57,4
3288,109.60,3
3289,109.63,3
3290,109.67,3
3291,109.70,3
3292,109.73,3
3293,109.77,3
3294,109.80,4
3295,109.83,4
3296,109.87,4
3297,109.90,4
3298,109.93,4
3299,109.97,4
3300,110.00,4
3301,110.03,5
3302,110.07,5
3303,110.10,5
3304,110.13,5
3305,110.17,5
3306,110.20,4
3307,110.23,5
3308,110.27,5
3309,110.30,4
3310,110.33,4
3311,110.37,4
3312,110.40,5
3313,110.43,5
3314,110.47,5
3315,110.50,5
3316,110.53,5
3317,110.57,5
3318,110.60,5
3319,110.63,4
3320,110.67,4
3321,110.70,6
3322,110.73,6
3323,110.77,6
3324,110.80,5
3325,110.83,5
3326,110.87,5
3327,110.90,5
3328,110.93,5
3329,110.97,5
3330,111.00,5
3331,111.03,5
3332,111.07,5
3333,111.10,5
3334,111.13,5
3335,111.17,5
3336,111.20,4
3337,111.23,4
3338,111.27,4
3339,111.30,4
3340,111.33,4
3341,111.37,4
3342,111.40,4
3343,111.43,5
3344,111.47,5
3345,111.50,5
3346,111.53,5
3347,111.57,5
3348,111.60,5
3349,111.63,5
3350,111.67,5
3351,111.70,5
3352,111.73,5
3353,111.77,5
3354,111.80,5
3355,111.83,5
3356,111.87,5
3357,111.90,5
3358,111.93,5
3359,111.97,5
3360,112.00,5
3361,112.03,5
3362,112.07,5
3363,112.10,5
3364,112.13,5
3365,112.17,5
3366,112.20,5
3367,112.23,5
3368,112.27,5
3369,112.30,5
3370,112.33,5
3371,112.37,5
3372,112.40,4
3373,112.43,4
3374,112.47,4
3375,112.50,4
3376,112.53,4
3377,112.57,4
3378,112.60,4
3379,112.63,4
3380,112.67,4
3381,112.70,4
3382,112.73,4
3383,112.77,4
3384,112.80,4
3385,112.83,4
3386,112.87,4
3387,112.90,4
3388,112.93,4
3389,112.97,4
3390,113.00,4
3391,113.03,4
3392,113.07,4
3393,113.10,4
3394,113.13,4
3395,113.17,4
3396,113.20,4
3397,113.23,4
3398,113.27,4
3399,113.30,4
3400,113.33,4
3401,113.37,4
3402,113.40,4
3403,113.43,4
3404,113.47,4
3405,113.50,4
3406,113.53,4
3407,113.57,4
3408,113.60,4
3409,113.63,4
3410,113.67,4
3411,113.70,4
3412,113.73,4
3413,113.77,4
3414,113.80,4
3415,113.83,4
3416,113.87,4
3417,113.90,4
3418,113.93,4
3419,113.97,4
3420,114.00,4
3421,114.03,4
3422,114.07,4
3423,114.10,4
3424,114.13,4
3425,114.17,4
3426,114.20,4
3427,114.23,4
3428,114.27,4
3429,114.30,4
3430,114.33,4
3431,114.37,4
3432,114.40,4
3433,114.43,4
3434,114.47,4
3435,114.50,4
3436,114.53,4
3437,114.57,4
3438,114.60,4
3439,114.63,4
3440,114.67,4
3441,114.70,4
3442,114.73,4
3443,114.77,4
3444,114.80,4
3445,114.83,4
3446,114.87,4
3447,114.90,4
3448,114.93,4
3449,114.97,4
3450,115.00,4
3451,115.03,4
3452,115.07,4
3453,115.10,4
3454,115.13,4
3455,115.17,4
3456,115.20,4
3457,115.23,4
3458,115.27,4
3459,115.30,4
3460,115.33,4
3461,115.37,4
3462,115.40,4
3463,115.43,4
3464,115.47,4
3465,115.50,4
3466,115.53,4
3467,115.57,4
3468,115.60,4
3469,115.63,4
3470,115.67,4
3471,115.70,4
3472,115.73,4
3473,115.77,4
3474,115.80,4
3475,115.83,4
3476,115.87,4
3477,115.90,4
3478,115.93,4
3479,115.97,4
3480,116.00,4
3481,116.03,4
3482,116.07,4
3483,116.10,4
3484,116.13,4
3485,116.17,4
3486,116.20,4
3487,116.23,4
3488,116.27,4
3489,116.30,4
3490,116.33,4
3491,116.37,4
3492,116.40,4
3493,116.43,4
3494,116.47,4
3495,116.50,4
3496,116.53,4
3497,116.57,4
3498,116.60,4
3499,116.63,4
3500,116.67,4
3501,116.70,4
3502,116.73,4
3503,116.77,4
3504,116.80,4
3505,116.83,4
3506,116.87,4
3507,116.90,4
3508,116.93,4
3509,116.97,4
3510,117.00,4
3511,117.03,4
3512,117.07,4
3513,117.10,4
3514,117.13,4
3515,117.17,4
3516,117.20,4
3517,117.23,4
3518,117.27,4
3519,117.30,4
3520,117.33,4
3521,117.37,4
3522,117.40,4
3523,117.43,4
3524,117.47,4
3525,117.50,4
3526,117.53,4
3527,117.57,4
3528,117.60,4
3529,117.63,4
3530,117.67,4
3531,117.70,4
3532,117.73,4
3533,117.77,4
3534,117.80,4
3535,117.83,4
3536,117.87,4
3537,117.90,4
3538,117.93,4
3539,117.97,4
3540,118.00,4
3541,118.03,4
3542,118.07,4
3543,118.10,4
3544,118.13,4
3545,118.17,4
3546,118.20,4
3547,118.23,4
3548,118.27,4
3549,118.30,4
3550,118.33,4
3551,118.37,4
3552,118.40,4
3553,118.43,4
3554,118.47,4
3555,118.50,4
3556,118.53,4
3557,118.57,4
3558,118.60,4
3559,118.63,5
3560,118.67,5
3561,118.70,5
3562,118.73,5
3563,118.77,4
3564,118.80,4
3565,118.83,5
3566,118.87,5
3567,118.90,5
3568,118.93,4
3569,118.97,4
3570,119.00,4
3571,119.03,4
3572,119.07,4
3573,119.10,4
3574,119.13,3
3575,119.17,3
3576,119.20,4
3577,119.23,5
3578,119.27,5
3579,119.30,5
3580,119.33,6
3581,119.37,6
3582,119.40,5
3583,119.43,4
3584,119.47,4
3585,119.50,4
3586,119.53,4
3587,119.57,4
3588,119.60,4
3589,119.63,4
3590,119.67,4
3591,119.70,4
3592,119.73,4
3593,119.77,4
3594,119.80,4
3595,119.83,4
3596,119.87,4
3597,119.90,4
3598,119.93,4
3599,119.97,4
3600,120.00,4
3601,120.03,4
3602,120.07,4
3603,120.10,4
3604,120.13,4
3605,120.17,4
3606,120.20,4
3607,120.23,4
3608,120.27,4
3609,120.30,4
3610,120.33,4
3611,120.37,4
3612,120.40,3
3613,120.43,4
3614,120.47,4
3615,120.50,4
3616,120.53,4
3617,120.57,4
3618,120.60,4
3619,120.63,4
3620,120.67,4
3621,120.70,4
3622,120.73,4
3623,120.77,4
3624,120.80,4
3625,120.83,4
3626,120.87,4
3627,120.90,4
3628,120.93,4
3629,120.97,4
3630,121.00,4
3631,121.03,4
3632,121.07,4
3633,121.10,4
3634,121.13,4
3635,121.17,4
3636,121.20,4
3637,121.23,4
3638,121.27,4
3639,121.30,4
3640,121.33,4
3641,121.37,4
3642,121.40,4
3643,121.43,4
3644,121.47,4
3645,121.50,4
3646,121.53,4
3647,121.57,4
3648,121.60,4
3649,121.63,4
3650,121.67,4
3651,121.70,4
3652,121.73,4
3653,121.77,4
3654,121.80,4
3655,121.83,4
3656,121.87,4
3657,121.90,4
3658,121.93,4
3659,121.97,4
3660,122.00,4
3661,122.03,4
3662,122.07,4
3663,122.10,4
3664,122.13,4
3665,122.17,4
3666,122.20,4
3667,122.23,4
3668,122.27,4
3669,122.30,4
3670,122.33,4
3671,122.37,4
3672,122.40,4
3673,122.43,4
3674,122.47,4
3675,122.50,4
3676,122.53,4
3677,122.57,4
3678,122.60,4
3679,122.63,4
3680,122.67,4
3681,122.70,4
3682,122.73,4
3683,122.77,4
3684,122.80,4
3685,122.83,4
3686,122.87,4
3687,122.90,4
3688,122.93,4
3689,122.97,4
3690,123.00,4
3691,123.03,4
3692,123.07,4
3693,123.10,4
3694,123.13,4
3695,123.17,4
3696,123.20,4
3697,123.23,4
3698,123.27,4
3699,123.30,4
3700,123.33,4
3701,123.37,4
3702,123.40,4
3703,123.43,4
3704,123.47,4
3705,123.50,4
3706,123.53,4
3707,123.57,4
3708,123.60,4
3709,123.63,4
3710,123.67,4
3711,123.70,4
3712,123.73,4
3713,123.77,4
3714,123.80,4
3715,123.83,4
3716,123.87,4
3717,123.90,4
3718,123.93,4
3719,123.97,4
3720,124.00,4
3721,124.03,4
3722,124.07,4
3723,124.10,4
3724,124.13,4
3725,124.17,4
3726,124.20,4
3727,124.23,4
3728,124.27,4
3729,124.30,4
3730,124.33,4
3731,124.37,4
3732,124.40,4
3733,124.43,4
3734,124.47,4
3735,124.50,4
3736,124.53,4
3737,124.57,4
3738,124.60,3
3739,124.63,3
3740,124.67,3
3741,124.70,3
3742,124.73,4
3743,124.77,4
3744,124.80,4
3745,124.83,4
3746,124.87,4
3747,124.90,4
3748,124.93,4
3749,124.97,4
3750,125.00,4
3751,125.03,4
3752,125.07,4
3753,125.10,4
3754,125.13,4
3755,125.17,4
3756,125.20,4
3757,125.23,4
3758,125.27,4
3759,125.30,4
3760,125.33,4
3761,125.37,4
3762,125.40,4
3763,125.43,4
3764,125.47,4
3765,125.50,4
3766,125.53,4
3767,125.57,4
3768,125.60,4
3769,125.63,4
3770,125.67,4
3771,125.70,4
3772,125.73,4
3773,125.77,4
3774,125.80,4
3775,125.83,4
3776,125.87,4
3777,125.90,4
3778,125.93,4
3779,125.97,4
3780,126.00,4
3781,126.03,4
3782,126.07,4
3783,126.10,4
3784,126.13,4
3785,126.17,4
3786,126.20,4
3787,126.23,4
3788,126.27,4
3789,126.30,4
3790,126.33,4
3791,126.37,4
3792,126.40,4
3793,126.43,4
3794,126.47,4
3795,126.50,4
3796,126.53,4
3797,126.57,4
3798,126.60,4
3799,126.63,4
3800,126.67,4
3801,126.70,4
3802,126.73,4
3803,126.77,4
3804,126.80,4
3805,126.83,4
3806,126.87,4
3807,126.90,4
3808,126.93,4
3809,126.97,4
3810,127.00,4
3811,127.03,4
3812,127.07,4
3813,127.10,4
3814,127.13,4
3815,127.17,4
3816,127.20,4
3817,127.23,4
3818,127.27,4
3819,127.30,4
3820,127.33,4
3821,127.37,4
3822,127.40,4
3823,127.43,4
3824,127.47,4
3825,127.50,4
3826,127.53,4
3827,127.57,4
3828,127.60,4
3829,127.63,4
3830,127.67,4
3831,127.70,4
3832,127.73,4
3833,127.77,4
3834,127.80,4
3835,127.83,4
3836,127.87,4
3837,127.90,4
3838,127.93,4
3839,127.97,4
3840,128.00,4
3841,128.03,4
3842,128.07,4
3843,128.10,4
3844,128.13,4
3845,128.17,4
3846,128.20,4
3847,128.23,4
3848,128.27,4
3849,128.30,4
3850,128.33,4
3851,128.37,4
3852,128.40,4
3853,128.43,4
3854,128.47,4
3855,128.50,4
3856,128.53,4
3857,128.57,4
3858,128.60,4
3859,128.63,4
3860,128.67,4
3861,128.70,4
3862,128.73,4
3863,128.77,4
3864,128.80,4
3865,128.83,4
3866,128.87,4
3867,128.90,4
3868,128.93,4
3869,128.97,4
3870,129.00,4
3871,129.03,4
3872,129.07,4
3873,129.10,4
3874,129.13,4
3875,129.17,4
3876,129.20,4
3877,129.23,4
3878,129.27,4
3879,129.30,4
3880,129.33,4
3881,129.37,4
3882,129.40,4
3883,129.43,4
3884,129.47,4
3885,129.50,4
3886,129.53,4
3887,129.57,4
3888,129.60,4
3889,129.63,4
3890,129.67,4
3891,129.70,4
3892,129.73,4
3893,129.77,4
3894,129.80,4
3895,129.83,4
3896,129.87,4
3897,129.90,4
3898,129.93,4
3899,129.97,4
3900,130.00,4
3901,130.03,4
3902,130.07,4
3903,130.10,4
3904,130.13,4
3905,130.17,4
3906,130.20,4
3907,130.23,4
3908,130.27,4
3909,130.30,4
3910,130.33,4
3911,130.37,4
3912,130.40,4
3913,130.43,4
3914,130.47,4
3915,130.50,4
3916,130.53,4
3917,130.57,4
3918,130.60,4
3919,130.63,4
3920,130.67,4
3921,130.70,4
3922,130.73,4
3923,130.77,4
3924,130.80,4
3925,130.83,4
3926,130.87,4
3927,130.90,4
3928,130.93,4
3929,130.97,4
3930,131.00,4
3931,131.03,4
3932,131.07,4
3933,131.10,4
3934,131.13,4
3935,131.17,4
3936,131.20,4
3937,131.23,4
3938,131.27,4
3939,131.30,4
3940,131.33,4
3941,131.37,4
3942,131.40,4
3943,131.43,4
3944,131.47,4
3945,131.50,4
3946,131.53,4
3947,131.57,4
3948,131.60,4
3949,131.63,4
3950,131.67,4
3951,131.70,4
3952,131.73,4
3953,131.77,4
3954,131.80,4
3955,131.83,4
3956,131.87,4
3957,131.90,4
3958,131.93,4
3959,131.97,4
3960,132.00,4
3961,132.03,4
3962,132.07,4
3963,132.10,4
3964,132.13,4
3965,132.17,4
3966,132.20,5
3967,132.23,5
3968,132.27,5
3969,132.30,5
3970,132.33,5
3971,132.37,5
3972,132.40,4
3973,132.43,4
3974,132.47,4
3975,132.50,4
3976,132.53,5
3977,132.57,5
3978,132.60,5
3979,132.63,5
3980,132.67,4
3981,132.70,5
3982,132.73,4
3983,132.77,4
3984,132.80,4
3985,132.83,4
3986,132.87,4
3987,132.90,4
3988,132.93,4
3989,132.97,4
3990,133.00,4
3991,133.03,4
3992,133.07,4
3993,133.10,4
3994,133.13,4
3995,133.17,4
3996,133.20,3
3997,133.23,3
3998,133.27,3
3999,133.30,3
4000,133.33,4
4001,133.37,4
4002,133.40,4
4003,133.43,4
4004,133.47,4
4005,133.50,4
4006,133.53,5
4007,133.57,5
4008,133.60,5
4009,133.63,5
4010,133.67,5
4011,133.70,5
4012,133.73,5
4013,133.77,5
4014,133.80,5
4015,133.83,4
4016,133.87,4
4017,133.90,4
4018,133.93,4
4019,133.97,5
4020,134.00,5
4021,134.03,5
4022,134.07,5
4023,134.10,4
4024,134.13,4
4025,134.17,4
4026,134.20,4
4027,134.23,4
4028,134.27,4
4029,134.30,4
4030,134.33,5
4031,134.37,5
4032,134.40,5
4033,134.43,5
4034,134.47,5
4035,134.50,5
4036,134.53,5
4037,134.57,5
4038,134.60,5
4039,134.63,5
4040,134.67,5
4041,134.70,5
4042,134.73,5
4043,134.77,5
4044,134.80,5
4045,134.83,5
4046,134.87,5
4047,134.90,5
4048,134.93,5
4049,134.97,5
4050,135.00,5
4051,135.03,5
4052,135.07,5
4053,135.10,5
4054,135.13,5
4055,135.17,5
4056,135.20,4
4057,135.23,4
4058,135.27,4
4059,135.30,4
4060,135.33,4
4061,135.37,4
4062,135.40,4
4063,135.43,4
4064,135.47,4
4065,135.50,4
4066,135.53,4
4067,135.57,4
4068,135.60,4
4069,135.63,4
4070,135.67,4
4071,135.70,4
4072,135.73,4
4073,135.77,4
4074,135.80,4
4075,135.83,4
4076,135.87,4
4077,135.90,4
4078,135.93,4
4079,135.97,4
4080,136.00,4
4081,136.03,4
4082,136.07,4
4083,136.10,4
4084,136.13,4
4085,136.17,5
4086,136.20,4
4087,136.23,4
4088,136.27,4
4089,136.30,4
4090,136.33,5
4091,136.37,5
4092,136.40,5
4093,136.43,5
4094,136.47,5
4095,136.50,5
4096,136.53,5
4097,136.57,5
4098,136.60,5
4099,136.63,4
4100,136.67,4
4101,136.70,4
4102,136.73,4
4103,136.77,4
4104,136.80,4
4105,136.83,5
4106,136.87,5
4107,136.90,5
4108,136.93,4
4109,136.97,4
4110,137.00,4
4111,137.03,4
4112,137.07,4
4113,137.10,4
4114,137.13,5
4115,137.17,5
4116,137.20,5
4117,137.23,5
4118,137.27,5
4119,137.30,5
4120,137.33,4
4121,137.37,4
4122,137.40,4
4123,137.43,5
4124,137.47,5
4125,137.50,5
4126,137.53,4
4127,137.57,4
4128,137.60,4
4129,137.63,4
4130,137.67,4
4131,137.70,4
4132,137.73,4
4133,137.77,4
4134,137.80,4
4135,137.83,4
4136,137.87,4
4137,137.90,4
4138,137.93,3
4139,137.97,3
4140,138.00,4
4141,138.03,3
4142,138.07,3
4143,138.10,2
4144,138.13,3
4145,138.17,3
4146,138.20,3
4147,138.23,3
4148,138.27,3
4149,138.30,3
4150,138.33,3
4151,138.37,3
4152,138.40,3
4153,138.43,3
4154,138.47,3
4155,138.50,3
4156,138.53,3
4157,138.57,3
4158,138.60,3
4159,138.63,4
4160,138.67,4
4161,138.70,4
4162,138.73,3
4163,138.77,3
4164,138.80,3
4165,138.83,3
4166,138.87,3
4167,138.90,3
4168,138.93,4
4169,138.97,4
4170,139.00,4
4171,139.03,4
4172,139.07,4
4173,139.10,4
4174,139.13,4
4175,139.17,4
4176,139.20,4
4177,139.23,4
4178,139.27,4
4179,139.30,4
4180,139.33,3
4181,139.37,3
4182,139.40,4
4183,139.43,4
4184,139.47,4
4185,139.50,4
4186,139.53,4
4187,139.57,4
4188,139.60,4
4189,139.63,4
4190,139.67,4
4191,139.70,4
4192,139.73,4
4193,139.77,4
4194,139.80,4
4195,139.83,4
4196,139.87,4
4197,139.90,4
4198,139.93,4
4199,139.97,4
4200,140.00,4
4201,140.03,4
4202,140.07,4
4203,140.10,4
4204,140.13,4
4205,140.17,4
4206,140.20,4
4207,140.23,4
4208,140.27,4
4209,140.30,4
4210,140.33,4
4211,140.37,4
4212,140.40,4
4213,140.43,4
4214,140.47,4
4215,140.50,4
4216,140.53,4
4217,140.57,4
4218,140.60,4
4219,140.63,4
4220,140.67,4
4221,140.70,4
4222,140.73,4
4223,140.77,4
4224,140.80,4
4225,140.83,4
4226,140.87,4
4227,140.90,4
4228,140.93,3
4229,140.97,3
4230,141.00,4
4231,141.03,4
4232,141.07,4
4233,141.10,4
4234,141.13,4
4235,141.17,4
4236,141.20,4
4237,141.23,4
4238,141.27,4
4239,141.30,4
4240,141.33,4
4241,141.37,4
4242,141.40,4
4243,141.43,4
4244,141.47,4
4245,141.50,4
4246,141.53,4
4247,141.57,4
4248,141.60,4
4249,141.63,4
4250,141.67,4
4251,141.70,4
4252,141.73,4
4253,141.77,4
4254,141.80,4
4255,141.83,4
4256,141.87,4
4257,141.90,4
4258,141.93,4
4259,141.97,4
4260,142.00,4
4261,142.03,4
4262,142.07,4
4263,142.10,4
4264,142.13,4
4265,142.17,4
4266,142.20,4
4267,142.23,4
4268,142.27,4
4269,142.30,4
4270,142.33,4
4271,142.37,4
4272,142.40,4
4273,142.43,4
4274,142.47,4
4275,142.50,4
4276,142.53,4
4277,142.57,4
4278,142.60,4
4279,142.63,4
4280,142.67,4
4281,142.70,4
4282,142.73,3
4283,142.77,3
4284,142.80,3
4285,142.83,4
4286,142.87,4
4287,142.90,4
4288,142.93,3
4289,142.97,3
4290,143.00,3
4291,143.03,3
4292,143.07,3
4293,143.10,3
4294,143.13,3
4295,143.17,3
4296,143.20,3
4297,143.23,3
4298,143.27,3
4299,143.30,3
4300,143.33,3
4301,143.37,3
4302,143.40,3
4303,143.43,3
4304,143.47,3
4305,143.50,3
4306,143.53,3
4307,143.57,3
4308,143.60,3
4309,143.63,3
4310,143.67,3
4311,143.70,3
4312,143.73,3
4313,143.77,3
4314,143.80,3
4315,143.83,3
4316,143.87,3
4317,143.90,3
4318,143.93,3
4319,143.97,3
4320,144.00,3
4321,144.03,3
4322,144.07,3
4323,144.10,3
4324,144.13,3
4325,144.17,3
4326,144.20,3
4327,144.23,3
4328,144.27,3
4329,144.30,3
4330,144.33,3
4331,144.37,3
4332,144.40,3
4333,144.43,3
4334,144.47,3
4335,144.50,3
4336,144.53,3
4337,144.57,3
4338,144.60,3
4339,144.63,3
4340,144.67,3
4341,144.70,3
4342,144.73,3
4343,144.77,3
4344,144.80,3
4345,144.83,3
4346,144.87,3
4347,144.90,3
4348,144.93,3
4349,144.97,3
4350,145.00,3
4351,145.03,3
4352,145.07,3
4353,145.10,3
4354,145.13,3
4355,145.17,3
4356,145.20,3
4357,145.23,3
4358,145.27,3
4359,145.30,3
4360,145.33,3
4361,145.37,3
4362,145.40,3
4363,145.43,3
4364,145.47,3
4365,145.50,3
4366,145.53,3
4367,145.57,3
4368,145.60,3
4369,145.63,3
4370,145.67,3
4371,145.70,3
4372,145.73,3
4373,145.77,3
4374,145.80,3
4375,145.83,3
4376,145.87,3
4377,145.90,3
4378,145.93,3
4379,145.97,3
4380,146.00,3
4381,146.03,3
4382,146.07,3
4383,146.10,3
4384,146.13,3
4385,146.17,3
4386,146.20,2
4387,146.23,2
4388,146.27,2
4389,146.30,2
4390,146.33,2
4391,146.37,2
4392,146.40,2
4393,146.43,2
4394,146.47,2
4395,146.50,2
4396,146.53,2
4397,146.57,2
4398,146.60,2
4399,146.63,2
4400,146.67,2
4401,146.70,2
4402,146.73,2
4403,146.77,2
4404,146.80,2
4405,146.83,2
4406,146.87,2
4407,146.90,3
4408,146.93,3
4409,146.97,3
4410,147.00,3
4411,147.03,3
4412,147.07,3
4413,147.10,3
4414,147.13,3
4415,147.17,3
4416,147.20,3
4417,147.23,3
4418,147.27,3
4419,147.30,4
4420,147.33,4
4421,147.37,4
4422,147.40,4
4423,147.43,4
4424,147.47,4
4425,147.50,4
4426,147.53,4
4427,147.57,4
4428,147.60,4
4429,147.63,4
4430,147.67,4
4431,147.70,3
4432,147.73,3
4433,147.77,3
4434,147.80,3
4435,147.83,3
4436,147.87,3
4437,147.90,3
4438,147.93,3
4439,147.97,3
4440,148.00,3
4441,148.03,3
4442,148.07,3
4443,148.10,3
4444,148.13,3
4445,148.17,3
4446,148.20,3
4447,148.23,3
4448,148.27,3
4449,148.30,3
4450,148.33,3
4451,148.37,3
4452,148.40,2
4453,148.43,2
4454,148.47,2
4455,148.50,2
4456,148.53,2
4457,148.57,2
4458,148.60,2
4459,148.63,2
4460,148.67,2
4461,148.70,2
4462,148.73,2
4463,148.77,2
4464,148.80,3
4465,148.83,3
4466,148.87,3
4467,148.90,3
4468,148.93,3
4469,148.97,3
4470,149.00,3
4471,149.03,3
4472,149.07,3
4473,149.10,3
4474,149.13,3
4475,149.17,3
4476,149.20,3
4477,149.23,3
4478,149.27,3
4479,149.30,3
4480,149.33,3
4481,149.37,3
4482,149.40,3
4483,149.43,3
4484,149.47,3
4485,149.50,3
4486,149.53,3
4487,149.57,3
4488,149.60,3
4489,149.63,3
4490,149.67,3
4491,149.70,3
4492,149.73,3
4493,149.77,3
4494,149.80,3
4495,149.83,3
4496,149.87,3
4497,149.90,2
4498,149.93,2
4499,149.97,2
4500,150.00,3
4501,150.03,3
4502,150.07,3
4503,150.10,3
4504,150.13,3
4505,150.17,3
4506,150.20,3
4507,150.23,3
4508,150.27,3
4509,150.30,3
4510,150.33,3
4511,150.37,3
4512,150.40,3
4513,150.43,3
4514,150.47,3
4515,150.50,3
4516,150.53,3
4517,150.57,3
4518,150.60,3
4519,150.63,3
4520,150.67,3
4521,150.70,3
4522,150.73,3
4523,150.77,3
4524,150.80,3
4525,150.83,3
4526,150.87,3
4527,150.90,3
4528,150.93,3
4529,150.97,3
4530,151.00,3
4531,151.03,3
4532,151.07,3
4533,151.10,3
4534,151.13,3
4535,151.17,3
4536,151.20,3
4537,151.23,3
4538,151.27,3
4539,151.30,3
4540,151.33,3
4541,151.37,3
4542,151.40,3
4543,151.43,3
4544,151.47,3
4545,151.50,3
4546,151.53,3
4547,151.57,3
4548,151.60,3
4549,151.63,3
4550,151.67,3
4551,151.70,3
4552,151.73,3
4553,151.77,3
4554,151.80,3
4555,151.83,3
4556,151.87,3
4557,151.90,3
4558,151.93,3
4559,151.97,3
4560,152.00,3
4561,152.03,3
4562,152.07,3
4563,152.10,3
4564,152.13,3
4565,152.17,3
4566,152.20,3
4567,152.23,3
4568,152.27,3
4569,152.30,3
4570,152.33,3
4571,152.37,3
4572,152.40,3
4573,152.43,3
4574,152.47,3
4575,152.50,3
4576,152.53,3
4577,152.57,3
4578,152.60,3
4579,152.63,3
4580,152.67,3
4581,152.70,3
4582,152.73,3
4583,152.77,3
4584,152.80,3
4585,152.83,3
4586,152.87,3
4587,152.90,3
4588,152.93,3
4589,152.97,3
4590,153.00,3
4591,153.03,3
4592,153.07,3
4593,153.10,3
4594,153.13,3
4595,153.17,3
4596,153.20,3
4597,153.23,3
4598,153.27,3
4599,153.30,3
4600,153.33,3
4601,153.37,3
4602,153.40,3
4603,153.43,3
4604,153.47,3
4605,153.50,3
4606,153.53,3
4607,153.57,3
4608,153.60,3
4609,153.63,3
4610,153.67,3
4611,153.70,3
4612,153.73,3
4613,153.77,3
4614,153.80,4
4615,153.83,4
4616,153.87,4
4617,153.90,3
4618,153.93,3
4619,153.97,3
4620,154.00,3
4621,154.03,3
4622,154.07,3
4623,154.10,3
4624,154.13,3
4625,154.17,3
4626,154.20,3
4627,154.23,3
4628,154.27,3
4629,154.30,3
4630,154.33,3
4631,154.37,4
4632,154.40,3
4633,154.43,3
4634,154.47,3
4635,154.50,3
4636,154.53,3
4637,154.57,3
4638,154.60,3
4639,154.63,3
4640,154.67,3
4641,154.70,4
4642,154.73,4
4643,154.77,4
4644,154.80,4
4645,154.83,4
4646,154.87,4
4647,154.90,4
4648,154.93,4
4649,154.97,4
4650,155.00,4
4651,155.03,4
4652,155.07,4
4653,155.10,4
4654,155.13,4
4655,155.17,4
4656,155.20,4
4657,155.23,4
4658,155.27,4
4659,155.30,4
4660,155.33,4
4661,155.37,4
4662,155.40,4
4663,155.43,4
4664,155.47,4
4665,155.50,4
4666,155.53,4
4667,155.57,4
4668,155.60,4
4669,155.63,4
4670,155.67,4
4671,155.70,4
4672,155.73,4
4673,155.77,4
4674,155.80,4
4675,155.83,4
4676,155.87,4
4677,155.90,3
4678,155.93,3
4679,155.97,3
4680,156.00,3
4681,156.03,3
4682,156.07,3
4683,156.10,3
4684,156.13,3
4685,156.17,3
4686,156.20,3
4687,156.23,3
4688,156.27,3
4689,156.30,4
4690,156.33,4
4691,156.37,4
4692,156.40,4
4693,156.43,4
4694,156.47,4
4695,156.50,3
4696,156.53,3
4697,156.57,3
4698,156.60,3
4699,156.63,3
4700,156.67,3
4701,156.70,3
4702,156.73,3
4703,156.77,3
4704,156.80,3
4705,156.83,3
4706,156.87,3
4707,156.90,3
4708,156.93,3
4709,156.97,3
4710,157.00,3
4711,157.03,3
4712,157.07,3
4713,157.10,3
4714,157.13,3
4715,157.17,3
4716,157.20,3
4717,157.23,3
4718,157.27,3
4719,157.30,3
4720,157.33,3
4721,157.37,3
4722,157.40,3
4723,157.43,3
4724,157.47,3
4725,157.50,3
4726,157.53,3
4727,157.57,3
4728,157.60,3
4729,157.63,3
4730,157.67,3
4731,157.70,3
4732,157.73,3
4733,157.77,3
4734,157.80,3
4735,157.83,3
4736,157.87,3
4737,157.90,3
4738,157.93,3
4739,157.97,3
4740,158.00,3
4741,158.03,3
4742,158.07,3
4743,158.10,3
4744,158.13,3
4745,158.17,3
4746,158.20,3
4747,158.23,3
4748,158.27,3
4749,158.30,3
4750,158.33,3
4751,158.37,3
4752,158.40,3
4753,158.43,3
4754,158.47,3
4755,158.50,3
4756,158.53,3
4757,158.57,3
4758,158.60,3
4759,158.63,3
4760,158.67,3
4761,158.70,3
4762,158.73,3
4763,158.77,3
4764,158.80,3
4765,158.83,3
4766,158.87,3
4767,158.90,3
4768,158.93,3
4769,158.97,3
4770,159.00,3
4771,159.03,3
4772,159.07,3
4773,159.10,3
4774,159.13,3
4775,159.17,3
4776,159.20,3
4777,159.23,3
4778,159.27,3
4779,159.30,3
4780,159.33,3
4781,159.37,3
4782,159.40,3
4783,159.43,3
4784,159.47,3
4785,159.50,2
4786,159.53,2
4787,159.57,2
4788,159.60,3
4789,159.63,3
4790,159.67,3
4791,159.70,3
4792,159.73,3
4793,159.77,3
4794,159.80,3
4795,159.83,3
4796,159.87,3
4797,159.90,3
4798,159.93,3
4799,159.97,3
4800,160.00,3
4801,160.03,3
4802,160.07,3
4803,160.10,3
4804,160.13,3
4805,160.17,3
4806,160.20,3
4807,160.23,3
4808,160.27,3
4809,160.30,3
4810,160.33,3
4811,160.37,3
4812,160.40,3
4813,160.43,3
4814,160.47,3
4815,160.50,3
4816,160.53,3
4817,160.57,3
4818,160.60,3
4819,160.63,3
4820,160.67,3
4821,160.70,3
4822,160.73,3
4823,160.77,3
4824,160.80,3
4825,160.83,3
4826,160.87,3
4827,160.90,3
4828,160.93,3
4829,160.97,3
4830,161.00,3
4831,161.03,3
4832,161.07,3
4833,161.10,3
4834,161.13,3
4835,161.17,3
4836,161.20,3
4837,161.23,3
4838,161.27,3
4839,161.30,3
4840,161.33,3
4841,161.37,3
4842,161.40,3
4843,161.43,3
4844,161.47,3
4845,161.50,3
4846,161.53,3
4847,161.57,3
4848,161.60,3
4849,161.63,3
4850,161.67,3
4851,161.70,3
4852,161.73,3
4853,161.77,3
4854,161.80,3
4855,161.83,3
4856,161.87,3
4857,161.90,3
4858,161.93,3
4859,161.97,3
4860,162.00,3
4861,162.03,3
4862,162.07,3
4863,162.10,2
4864,162.13,2
4865,162.17,2
4866,162.20,2
4867,162.23,2
4868,162.27,2
4869,162.30,2
4870,162.33,2
4871,162.37,2
4872,162.40,2
4873,162.43,2
4874,162.47,2
4875,162.50,2
4876,162.53,2
4877,162.57,2
4878,162.60,2
4879,162.63,2
4880,162.67,2
4881,162.70,2
4882,162.73,2
4883,162.77,2
4884,162.80,2
4885,162.83,2
4886,162.87,2
4887,162.90,2
4888,162.93,2
4889,162.97,2
4890,163.00,2
4891,163.03,2
4892,163.07,2
4893,163.10,2
4894,163.13,2
4895,163.17,2
4896,163.20,3
4897,163.23,3
4898,163.27,3
4899,163.30,3
4900,163.33,3
4901,163.37,3
4902,163.40,3
4903,163.43,3
4904,163.47,3
4905,163.50,3
4906,163.53,3
4907,163.57,3
4908,163.60,3
4909,163.63,3
4910,163.67,3
4911,163.70,3
4912,163.73,3
4913,163.77,3
4914,163.80,3
4915,163.83,3
4916,163.87,3
4917,163.90,3
4918,163.93,3
4919,163.97,3
4920,164.00,3
4921,164.03,3
4922,164.07,3
4923,164.10,4
4924,164.13,4
4925,164.17,4
4926,164.20,3
4927,164.23,3
4928,164.27,3
4929,164.30,4
4930,164.33,4
4931,164.37,4
4932,164.40,4
4933,164.43,4
4934,164.47,4
4935,164.50,3
4936,164.53,3
4937,164.57,3
4938,164.60,3
4939,164.63,3
4940,164.67,3
4941,164.70,3
4942,164.73,3
4943,164.77,3
4944,164.80,3
4945,164.83,3
4946,164.87,3
4947,164.90,3
4948,164.93,3
4949,164.97,3
4950,165.00,3
4951,165.03,3
4952,165.07,3
4953,165.10,3
4954,165.13,3
4955,165.17,3
4956,165.20,3
4957,165.23,3
4958,165.27,3
4959,165.30,3
4960,165.33,3
4961,165.37,3
4962,165.40,3
4963,165.43,3
4964,165.47,3
4965,165.50,3
4966,165.53,3
4967,165.57,3
4968,165.60,3
4969,165.63,3
4970,165.67,3
4971,165.70,3
4972,165.73,3
4973,165.77,3
4974,165.80,3
4975,165.83,3
4976,165.87,3
4977,165.90,3
4978,165.93,3
4979,165.97,3
4980,166.00,3
4981,166.03,3
4982,166.07,2
4983,166.10,1
4984,166.13,1
4985,166.17,1
4986,166.20,1
4987,166.23,1
4988,166.27,1
4989,166.30,1
4990,166.33,1
4991,166.37,1
4992,166.40,1
4993,166.43,1
4994,166.47,1
4995,166.50,1
4996,166.53,1
4997,166.57,1
4998,166.60,1
4999,166.63,1
5000,166.67,1
5001,166.70,1
5002,166.73,1
5003,166.77,1
5004,166.80,1
5005,166.83,1
5006,166.87,1
5007,166.90,1
5008,166.93,1
5009,166.97,1
5010,167.00,1
5011,167.03,1
5012,167.07,1
5013,167.10,1
5014,167.13,1
5015,167.17,1
5016,167.20,1
5017,167.23,1
5018,167.27,1
5019,167.30,2
5020,167.33,2
5021,167.37,2
5022,167.40,2
5023,167.43,2
5024,167.47,2
5025,167.50,2
5026,167.53,2
5027,167.57,2
5028,167.60,2
5029,167.63,2
5030,167.67,2
5031,167.70,2
5032,167.73,2
5033,167.77,2
5034,167.80,2
5035,167.83,2
5036,167.87,2
5037,167.90,2
5038,167.93,2
5039,167.97,2
5040,168.00,3
5041,168.03,3
5042,168.07,3
5043,168.10,4
5044,168.13,4
5045,168.17,4
5046,168.20,3
5047,168.23,3
5048,168.27,3
5049,168.30,3
5050,168.33,3
5051,168.37,3
5052,168.40,3
5053,168.43,3
5054,168.47,3
5055,168.50,3
5056,168.53,3
5057,168.57,3
5058,168.60,3
5059,168.63,3
5060,168.67,3
5061,168.70,3
5062,168.73,3
5063,168.77,3
5064,168.80,3
5065,168.83,3
5066,168.87,3
5067,168.90,3
5068,168.93,3
5069,168.97,3
5070,169.00,3
5071,169.03,3
5072,169.07,3
5073,169.10,3
5074,169.13,3
5075,169.17,3
5076,169.20,3
5077,169.23,3
5078,169.27,3
5079,169.30,3
5080,169.33,2
5081,169.37,2
5082,169.40,2
5083,169.43,2
5084,169.47,2
5085,169.50,1
5086,169.53,1
5087,169.57,1
5088,169.60,1
5089,169.63,1
5090,169.67,1
5091,169.70,1
5092,169.73,1
5093,169.77,1
5094,169.80,1
5095,169.83,1
5096,169.87,1
5097,169.90,1
5098,169.93,1
5099,169.97,1
5100,170.00,1
5101,170.03,1
5102,170.07,1
5103,170.10,1
5104,170.13,1
5105,170.17,1
5106,170.20,1
5107,170.23,1
5108,170.27,1
5109,170.30,1
5110,170.33,1
5111,170.37,1
5112,170.40,1
5113,170.43,1
5114,170.47,1
5115,170.50,1
5116,170.53,1
5117,170.57,1
5118,170.60,1
5119,170.63,1
5120,170.67,1
5121,170.70,1
5122,170.73,1
5123,170.77,1
5124,170.80,1
5125,170.83,1
5126,170.87,1
5127,170.90,1
5128,170.93,1
5129,170.97,1
5130,171.00,1
5131,171.03,1
5132,171.07,1
5133,171.10,1
5134,171.13,1
5135,171.17,1
5136,171.20,1
5137,171.23,1
5138,171.27,1
5139,171.30,1
5140,171.33,1
5141,171.37,1
5142,171.40,2
5143,171.43,2
5144,171.47,2
5145,171.50,2
5146,171.53,2
5147,171.57,2
5148,171.60,2
5149,171.63,2
5150,171.67,2
5151,171.70,2
5152,171.73,2
5153,171.77,2
5154,171.80,2
5155,171.83,2
5156,171.87,2
5157,171.90,2
5158,171.93,3
5159,171.97,3
5160,172.00,3
5161,172.03,3
5162,172.07,3
5163,172.10,3
5164,172.13,3
5165,172.17,3
5166,172.20,3
5167,172.23,3
5168,172.27,3
5169,172.30,3
5170,172.33,3
5171,172.37,3
5172,172.40,3
5173,172.43,3
5174,172.47,3
5175,172.50,3
5176,172.53,3
5177,172.57,3
5178,172.60,3
5179,172.63,3
5180,172.67,3
5181,172.70,3
5182,172.73,2
5183,172.77,2
5184,172.80,3
5185,172.83,3
5186,172.87,3
5187,172.90,3
5188,172.93,3
5189,172.97,3
5190,173.00,2
5191,173.03,2
5192,173.07,3
5193,173.10,2
5194,173.13,2
5195,173.17,2
5196,173.20,2
5197,173.23,2
5198,173.27,2
5199,173.30,3
5200,173.33,3
5201,173.37,3
5202,173.40,3
5203,173.43,3
5204,173.47,3
5205,173.50,3
5206,173.53,3
5207,173.57,3
5208,173.60,3
5209,173.63,3
5210,173.67,2
5211,173.70,4
5212,173.73,3
5213,173.77,4
5214,173.80,4
5215,173.83,4
5216,173.87,4
5217,173.90,4
5218,173.93,4
5219,173.97,3
5220,174.00,3
5221,174.03,3
5222,174.07,3
5223,174.10,4
5224,174.13,4
5225,174.17,4
5226,174.20,4
5227,174.23,4
5228,174.27,4
5229,174.30,4
5230,174.33,4
5231,174.37,4
5232,174.40,4
5233,174.43,4
5234,174.47,4
5235,174.50,4
5236,174.53,4
5237,174.57,4
5238,174.60,4
5239,174.63,4
5240,174.67,4
5241,174.70,4
5242,174.73,4
5243,174.77,4
5244,174.80,4
5245,174.83,4
5246,174.87,4
5247,174.90,4
5248,174.93,4
5249,174.97,4
5250,175.00,4
5251,175.03,4
5252,175.07,4
5253,175.10,4
5254,175.13,4
5255,175.17,4
5256,175.20,4
5257,175.23,4
5258,175.27,4
5259,175.30,4
5260,175.33,4
5261,175.37,4
5262,175.40,4
5263,175.43,4
5264,175.47,4
5265,175.50,4
5266,175.53,4
5267,175.57,4
5268,175.60,4
5269,175.63,4
5270,175.67,4
5271,175.70,4
5272,175.73,4
5273,175.77,4
5274,175.80,4
5275,175.83,4
5276,175.87,4
5277,175.90,4
5278,175.93,4
5279,175.97,4
5280,176.00,4
5281,176.03,4
5282,176.07,4
5283,176.10,3
5284,176.13,3
5285,176.17,3
5286,176.20,3
5287,176.23,3
5288,176.27,3
5289,176.30,3
5290,176.33,3
5291,176.37,3
5292,176.40,2
5293,176.43,2
5294,176.47,2
5295,176.50,2
5296,176.53,2
5297,176.57,2
5298,176.60,2
5299,176.63,2
5300,176.67,2
5301,176.70,2
5302,176.73,3
5303,176.77,3
5304,176.80,3
5305,176.83,3
5306,176.87,3
5307,176.90,3
5308,176.93,3
5309,176.97,3
5310,177.00,2
5311,177.03,3
5312,177.07,3
5313,177.10,2
5314,177.13,3
5315,177.17,2
5316,177.20,2
5317,177.23,2
5318,177.27,2
5319,177.30,2
5320,177.33,2
5321,177.37,2
5322,177.40,2
5323,177.43,2
5324,177.47,2
5325,177.50,2
5326,177.53,2
5327,177.57,2
5328,177.60,3
5329,177.63,3
5330,177.67,3
5331,177.70,3
5332,177.73,3
5333,177.77,3
5334,177.80,2
5335,177.83,2
5336,177.87,2
5337,177.90,3
5338,177.93,3
5339,177.97,3
5340,178.00,3
5341,178.03,4
5342,178.07,3
5343,178.10,3
5344,178.13,4
5345,178.17,4
5346,178.20,4
5347,178.23,4
5348,178.27,4
5349,178.30,4
5350,178.33,3
5351,178.37,3
5352,178.40,3
5353,178.43,3
5354,178.47,3
5355,178.50,3
5356,178.53,3
5357,178.57,3
5358,178.60,3
5359,178.63,3
5360,178.67,3
5361,178.70,3
5362,178.73,3
5363,178.77,3
5364,178.80,4
5365,178.83,4
5366,178.87,4
5367,178.90,4
5368,178.93,4
5369,178.97,4
5370,179.00,4
5371,179.03,4
5372,179.07,4
5373,179.10,4
5374,179.13,4
5375,179.17,4
5376,179.20,3
5377,179.23,3
5378,179.27,3
5379,179.30,3
5380,179.33,3
5381,179.37,3
5382,179.40,3
5383,179.43,3
5384,179.47,3
5385,179.50,3
5386,179.53,3
5387,179.57,3
5388,179.60,3
5389,179.63,3
5390,179.67,3
5391,179.70,3
5392,179.73,3
5393,179.77,3
5394,179.80,3
5395,179.83,3
5396,179.87,3
5397,179.90,3
5398,179.93,3
5399,179.97,3
5400,180.00,3
5401,180.03,3
5402,180.07,3
5403,180.10,1
5404,180.13,2
5405,180.17,2
5406,180.20,2
5407,180.23,1
5408,180.27,2
5409,180.30,2
5410,180.33,2
5411,180.37,2
5412,180.40,2
5413,180.43,2
5414,180.47,2
5415,180.50,2
5416,180.53,2
5417,180.57,2
5418,180.60,2
5419,180.63,2
5420,180.67,3
5421,180.70,3
5422,180.73,3
5423,180.77,3
5424,180.80,3
5425,180.83,3
5426,180.87,3
5427,180.90,3
5428,180.93,3
5429,180.97,3
5430,181.00,3
5431,181.03,3
5432,181.07,3
5433,181.10,3
5434,181.13,3
5435,181.17,3
5436,181.20,3
5437,181.23,3
5438,181.27,3
5439,181.30,3
5440,181.33,3
5441,181.37,3
5442,181.40,3
5443,181.43,2
5444,181.47,2
5445,181.50,2
5446,181.53,2
5447,181.57,2
5448,181.60,2
5449,181.63,2
5450,181.67,2
5451,181.70,2
5452,181.73,2
5453,181.77,2
5454,181.80,2
5455,181.83,1
5456,181.87,1
5457,181.90,1
5458,181.93,2
5459,181.97,2
5460,182.00,2
5461,182.03,2
5462,182.07,2
5463,182.10,2
5464,182.13,3
5465,182.17,3
5466,182.20,3
5467,182.23,4
5468,182.27,4
5469,182.30,3
5470,182.33,4
5471,182.37,4
5472,182.40,4
5473,182.43,4
5474,182.47,4
5475,182.50,3
5476,182.53,3
5477,182.57,3
5478,182.60,3
5479,182.63,3
5480,182.67,3
5481,182.70,3
5482,182.73,3
5483,182.77,3
5484,182.80,3
5485,182.83,3
5486,182.87,3
5487,182.90,3
5488,182.93,3
5489,182.97,3
5490,183.00,3
5491,183.03,3
5492,183.07,3
5493,183.10,3
5494,183.13,3
5495,183.17,3
5496,183.20,3
5497,183.23,3
5498,183.27,3
5499,183.30,3
5500,183.33,3
5501,183.37,3
5502,183.40,3
5503,183.43,4
5504,183.47,4
5505,183.50,4
5506,183.53,4
5507,183.57,4
5508,183.60,4
5509,183.63,4
5510,183.67,4
5511,183.70,3
5512,183.73,4
5513,183.77,4
5514,183.80,4
5515,183.83,4
5516,183.87,4
5517,183.90,4
5518,183.93,4
5519,183.97,4
5520,184.00,4
5521,184.03,3
5522,184.07,3
5523,184.10,3
5524,184.13,3
5525,184.17,3
5526,184.20,3
5527,184.23,3
5528,184.27,3
5529,184.30,3
5530,184.33,3
5531,184.37,3
5532,184.40,3
5533,184.43,3
5534,184.47,3
5535,184.50,3
5536,184.53,3
5537,184.57,3
5538,184.60,3
5539,184.63,4
5540,184.67,4
5541,184.70,4
5542,184.73,4
5543,184.77,4
5544,184.80,4
5545,184.83,3
5546,184.87,3
5547,184.90,3
5548,184.93,3
5549,184.97,3
5550,185.00,3
5551,185.03,3
5552,185.07,3
5553,185.10,3
5554,185.13,3
5555,185.17,3
5556,185.20,3
5557,185.23,3
5558,185.27,3
5559,185.30,3
5560,185.33,3
5561,185.37,3
5562,185.40,3
5563,185.43,3
5564,185.47,3
5565,185.50,3
5566,185.53,3
5567,185.57,3
5568,185.60,3
5569,185.63,2
5570,185.67,2
5571,185.70,2
5572,185.73,2
5573,185.77,2
5574,185.80,2
5575,185.83,2
5576,185.87,2
5577,185.90,2
5578,185.93,2
5579,185.97,2
5580,186.00,2
5581,186.03,3
5582,186.07,3
5583,186.10,3
5584,186.13,3
5585,186.17,3
5586,186.20,3
5587,186.23,3
5588,186.27,3
5589,186.30,2
5590,186.33,3
5591,186.37,3
5592,186.40,3
5593,186.43,3
5594,186.47,3
5595,186.50,2
5596,186.53,3
5597,186.57,3
5598,186.60,3
5599,186.63,3
5600,186.67,3
5601,186.70,3
5602,186.73,3
5603,186.77,3
5604,186.80,3
5605,186.83,3
5606,186.87,3
5607,186.90,3
5608,186.93,3
5609,186.97,3
5610,187.00,3
5611,187.03,3
5612,187.07,3
5613,187.10,3
5614,187.13,3
5615,187.17,3
5616,187.20,3
5617,187.23,2
5618,187.27,3
5619,187.30,2
5620,187.33,2
5621,187.37,2
5622,187.40,2
5623,187.43,2
5624,187.47,3
5625,187.50,3
5626,187.53,3
5627,187.57,3
5628,187.60,3
5629,187.63,3
5630,187.67,3
5631,187.70,3
5632,187.73,3
5633,187.77,3
5634,187.80,3
5635,187.83,3
5636,187.87,3
5637,187.90,3
5638,187.93,3
5639,187.97,3
5640,188.00,3
5641,188.03,3
5642,188.07,3
5643,188.10,2
5644,188.13,2
5645,188.17,2
5646,188.20,2
5647,188.23,2
5648,188.27,2
5649,188.30,2
5650,188.33,2
5651,188.37,2
5652,188.40,2
5653,188.43,2
5654,188.47,2
5655,188.50,2
5656,188.53,2
5657,188.57,2
5658,188.60,2
5659,188.63,2
5660,188.67,2
5661,188.70,2
5662,188.73,2
5663,188.77,2
5664,188.80,2
5665,188.83,3
5666,188.87,2
5667,188.90,3
5668,188.93,4
5669,188.97,4
5670,189.00,4
5671,189.03,3
5672,189.07,3
5673,189.10,3
5674,189.13,3
5675,189.17,3
5676,189.20,3
5677,189.23,3
5678,189.27,3
5679,189.30,3
5680,189.33,3
5681,189.37,3
5682,189.40,3
5683,189.43,3
5684,189.47,3
5685,189.50,3
5686,189.53,3
5687,189.57,3
5688,189.60,3
5689,189.63,3
5690,189.67,3
5691,189.70,3
5692,189.73,2
5693,189.77,2
5694,189.80,3
5695,189.83,3
5696,189.87,3
5697,189.90,3
5698,189.93,3
5699,189.97,3
5700,190.00,3
5701,190.03,3
5702,190.07,3
5703,190.10,3
5704,190.13,3
5705,190.17,3
5706,190.20,3
5707,190.23,3
5708,190.27,3
5709,190.30,3
5710,190.33,3
5711,190.37,3
5712,190.40,3
5713,190.43,2
5714,190.47,3
5715,190.50,2
5716,190.53,2
5717,190.57,2
5718,190.60,2
5719,190.63,2
5720,190.67,2
5721,190.70,2
5722,190.73,2
5723,190.77,2
5724,190.80,2
5725,190.83,3
5726,190.87,2
5727,190.90,2
5728,190.93,2
5729,190.97,2
5730,191.00,2
5731,191.03,2
5732,191.07,2
5733,191.10,2
5734,191.13,3
5735,191.17,2
5736,191.20,3
5737,191.23,2
5738,191.27,2
5739,191.30,3
5740,191.33,3
5741,191.37,3
5742,191.40,3
5743,191.43,3
5744,191.47,3
5745,191.50,3
5746,191.53,3
5747,191.57,3
5748,191.60,3
5749,191.63,3
5750,191.67,3
5751,191.70,3
5752,191.73,3
5753,191.77,3
5754,191.80,3
5755,191.83,3
5756,191.87,3
5757,191.90,3
5758,191.93,3
5759,191.97,3
5760,192.00,3
5761,192.03,3
5762,192.07,3
5763,192.10,1
5764,192.13,2
5765,192.17,2
5766,192.20,2
5767,192.23,2
5768,192.27,2
5769,192.30,1
5770,192.33,2
5771,192.37,2
5772,192.40,2
5773,192.43,2
5774,192.47,2
5775,192.50,2
5776,192.53,2
5777,192.57,2
5778,192.60,2
5779,192.63,2
5780,192.67,2
5781,192.70,2
5782,192.73,2
5783,192.77,2
5784,192.80,2
5785,192.83,2
5786,192.87,2
5787,192.90,2
5788,192.93,2
5789,192.97,2
5790,193.00,2
5791,193.03,1
5792,193.07,1
5793,193.10,2
5794,193.13,1
5795,193.17,1
5796,193.20,1
5797,193.23,2
5798,193.27,2
5799,193.30,2
5800,193.33,2
5801,193.37,2
5802,193.40,2
5803,193.43,1
5804,193.47,1
5805,193.50,2
5806,193.53,2
5807,193.57,2
5808,193.60,2
5809,193.63,2
5810,193.67,2
5811,193.70,2
5812,193.73,2
5813,193.77,2
5814,193.80,2
5815,193.83,1
5816,193.87,2
5817,193.90,2
5818,193.93,1
5819,193.97,1
5820,194.00,1
5821,194.03,2
5822,194.07,2
5823,194.10,4
5824,194.13,4
5825,194.17,4
5826,194.20,4
5827,194.23,4
5828,194.27,4
5829,194.30,4
5830,194.33,4
5831,194.37,4
5832,194.40,4
5833,194.43,4
5834,194.47,4
5835,194.50,4
5836,194.53,3
5837,194.57,4
5838,194.60,4
5839,194.63,3
5840,194.67,3
5841,194.70,3
5842,194.73,4
5843,194.77,3
5844,194.80,3
5845,194.83,3
5846,194.87,3
5847,194.90,3
5848,194.93,3
5849,194.97,3
5850,195.00,3
5851,195.03,3
5852,195.07,3
5853,195.10,3
5854,195.13,3
5855,195.17,3
5856,195.20,3
5857,195.23,2
5858,195.27,2
5859,195.30,3
5860,195.33,3
5861,195.37,3
5862,195.40,3
5863,195.43,3
5864,195.47,3
5865,195.50,3
5866,195.53,3
5867,195.57,3
5868,195.60,3
5869,195.63,3
5870,195.67,3
5871,195.70,3
5872,195.73,3
5873,195.77,3
5874,195.80,3
5875,195.83,3
5876,195.87,3
5877,195.90,3
5878,195.93,2
5879,195.97,2
5880,196.00,2
5881,196.03,2
5882,196.07,2
5883,196.10,2
5884,196.13,2
5885,196.17,2
5886,196.20,2
5887,196.23,2
5888,196.27,2
5889,196.30,2
5890,196.33,2
5891,196.37,2
5892,196.40,2
5893,196.43,2
5894,196.47,2
5895,196.50,2
5896,196.53,2
5897,196.57,2
5898,196.60,2
5899,196.63,2
5900,196.67,2
5901,196.70,2
5902,196.73,2
5903,196.77,2
5904,196.80,2
5905,196.83,2
5906,196.87,2
5907,196.90,2
5908,196.93,2
5909,196.97,2
5910,197.00,2
5911,197.03,2
5912,197.07,2
5913,197.10,2
5914,197.13,2
5915,197.17,2
5916,197.20,2
5917,197.23,2
5918,197.27,2
5919,197.30,2
5920,197.33,2
5921,197.37,2
5922,197.40,2
5923,197.43,2
5924,197.47,2
5925,197.50,2
5926,197.53,2
5927,197.57,2
5928,197.60,2
5929,197.63,2
5930,197.67,2
5931,197.70,2
5932,197.73,2
5933,197.77,2
5934,197.80,2
5935,197.83,1
5936,197.87,1
5937,197.90,1
5938,197.93,2
5939,197.97,2
5940,198.00,2
5941,198.03,2
5942,198.07,2
5943,198.10,2
5944,198.13,3
5945,198.17,3
5946,198.20,3
5947,198.23,3
5948,198.27,3
5949,198.30,3
5950,198.33,3
5951,198.37,3
5952,198.40,3
5953,198.43,2
5954,198.47,2
5955,198.50,2
5956,198.53,2
5957,198.57,2
5958,198.60,3
5959,198.63,3
5960,198.67,3
5961,198.70,3
5962,198.73,3
5963,198.77,3
5964,198.80,3
5965,198.83,3
5966,198.87,3
5967,198.90,3
5968,198.93,3
5969,198.97,3
5970,199.00,3
5971,199.03,3
5972,199.07,3
5973,199.10,3
5974,199.13,3
5975,199.17,3
5976,199.20,3
5977,199.23,3
5978,199.27,3
5979,199.30,3
5980,199.33,3
5981,199.37,3
5982,199.40,3
5983,199.43,3
5984,199.47,3
5985,199.50,3
5986,199.53,4
5987,199.57,4
5988,199.60,4
5989,199.63,4
5990,199.67,4
5991,199.70,4
5992,199.73,4
5993,199.77,4
5994,199.80,4
5995,199.83,4
5996,199.87,4
5997,199.90,3
5998,199.93,3
5999,199.97,3
6000,200.00,3
6001,200.03,3
6002,200.07,3
6003,200.10,3
6004,200.13,3
6005,200.17,3
6006,200.20,3
6007,200.23,3
6008,200.27,3
6009,200.30,3
6010,200.33,3
6011,200.37,3
6012,200.40,3
6013,200.43,3
6014,200.47,3
6015,200.50,3
6016,200.53,3
6017,200.57,3
6018,200.60,3
6019,200.63,3
6020,200.67,3
6021,200.70,3
6022,200.73,3
6023,200.77,3
6024,200.80,3
6025,200.83,3
6026,200.87,2
6027,200.90,2
6028,200.93,2
6029,200.97,2
6030,201.00,2
6031,201.03,3
6032,201.07,3
6033,201.10,3
6034,201.13,3
6035,201.17,3
6036,201.20,3
6037,201.23,3
6038,201.27,3
6039,201.30,3
6040,201.33,3
6041,201.37,3
6042,201.40,3
6043,201.43,3
6044,201.47,3
6045,201.50,3
6046,201.53,3
6047,201.57,3
6048,201.60,3
6049,201.63,4
6050,201.67,3
6051,201.70,4
6052,201.73,3
6053,201.77,3
6054,201.80,3
6055,201.83,3
6056,201.87,3
6057,201.90,4
6058,201.93,4
6059,201.97,4
6060,202.00,4
6061,202.03,3
6062,202.07,4
6063,202.10,3
6064,202.13,3
6065,202.17,3
6066,202.20,3
6067,202.23,3
6068,202.27,3
6069,202.30,3
6070,202.33,3
6071,202.37,3
6072,202.40,3
6073,202.43,3
6074,202.47,3
6075,202.50,3
6076,202.53,3
6077,202.57,3
6078,202.60,3
6079,202.63,2
6080,202.67,2
6081,202.70,2
6082,202.73,2
6083,202.77,2
6084,202.80,2
6085,202.83,2
6086,202.87,2
6087,202.90,2
6088,202.93,2
6089,202.97,2
6090,203.00,2
6091,203.03,2
6092,203.07,2
6093,203.10,2
6094,203.13,2
6095,203.17,2
6096,203.20,2
6097,203.23,2
6098,203.27,2
6099,203.30,3
6100,203.33,3
6101,203.37,3
6102,203.40,3
6103,203.43,3
6104,203.47,3
6105,203.50,3
6106,203.53,3
6107,203.57,3
6108,203.60,3
6109,203.63,3
6110,203.67,3
6111,203.70,3
6112,203.73,3
6113,203.77,3
6114,203.80,3
6115,203.83,3
6116,203.87,3
6117,203.90,3
6118,203.93,3
6119,203.97,3
6120,204.00,3
6121,204.03,3
6122,204.07,3
6123,204.10,2
6124,204.13,2
6125,204.17,2
6126,204.20,2
6127,204.23,2
6128,204.27,2
6129,204.30,2
6130,204.33,2
6131,204.37,2
6132,204.40,2
6133,204.43,2
6134,204.47,2
6135,204.50,2
6136,204.53,2
6137,204.57,2
6138,204.60,2
6139,204.63,2
6140,204.67,2
6141,204.70,3
6142,204.73,3
6143,204.77,3
6144,204.80,3
6145,204.83,3
6146,204.87,3
6147,204.90,3
6148,204.93,3
6149,204.97,3
6150,205.00,3
6151,205.03,4
6152,205.07,4
6153,205.10,4
6154,205.13,4
6155,205.17,4
6156,205.20,4
6157,205.23,4
6158,205.27,4
6159,205.30,4
6160,205.33,3
6161,205.37,3
6162,205.40,3
6163,205.43,3
6164,205.47,3
6165,205.50,3
6166,205.53,3
6167,205.57,3
6168,205.60,3
6169,205.63,3
6170,205.67,3
6171,205.70,3
6172,205.73,4
6173,205.77,4
6174,205.80,4
6175,205.83,4
6176,205.87,4
6177,205.90,4
6178,205.93,3
6179,205.97,4
6180,206.00,4
6181,206.03,4
6182,206.07,3
6183,206.10,4
6184,206.13,4
6185,206.17,4
6186,206.20,4
6187,206.23,4
6188,206.27,4
6189,206.30,4
6190,206.33,4
6191,206.37,4
6192,206.40,4
6193,206.43,4
6194,206.47,4
6195,206.50,4
6196,206.53,4
6197,206.57,4
6198,206.60,4
6199,206.63,4
6200,206.67,4
6201,206.70,4
6202,206.73,4
6203,206.77,4
6204,206.80,4
6205,206.83,4
6206,206.87,4
6207,206.90,4
6208,206.93,4
6209,206.97,4
6210,207.00,4
6211,207.03,4
6212,207.07,4
6213,207.10,4
6214,207.13,4
6215,207.17,4
6216,207.20,4
6217,207.23,4
6218,207.27,3
6219,207.30,4
6220,207.33,4
6221,207.37,4
6222,207.40,4
6223,207.43,3
6224,207.47,3
6225,207.50,4
6226,207.53,4
6227,207.57,4
6228,207.60,4
6229,207.63,4
6230,207.67,4
6231,207.70,3
6232,207.73,3
6233,207.77,3
6234,207.80,3
6235,207.83,3
6236,207.87,3
6237,207.90,3
6238,207.93,4
6239,207.97,4
6240,208.00,4
6241,208.03,3
6242,208.07,3
6243,208.10,4
6244,208.13,3
6245,208.17,3
6246,208.20,3
6247,208.23,3
6248,208.27,3
6249,208.30,3
6250,208.33,3
6251,208.37,3
6252,208.40,3
6253,208.43,4
6254,208.47,4
6255,208.50,4
6256,208.53,4
6257,208.57,4
6258,208.60,4
6259,208.63,4
6260,208.67,4
6261,208.70,4
6262,208.73,4
6263,208.77,4
6264,208.80,4
6265,208.83,4
6266,208.87,4
6267,208.90,4
6268,208.93,3
6269,208.97,2
6270,209.00,2
6271,209.03,2
6272,209.07,3
6273,209.10,3
6274,209.13,3
6275,209.17,4
6276,209.20,4
6277,209.23,2
6278,209.27,2
6279,209.30,2
6280,209.33,3
6281,209.37,2
6282,209.40,2
6283,209.43,2
6284,209.47,3
6285,209.50,2
6286,209.53,2
6287,209.57,2
6288,209.60,2
6289,209.63,2
6290,209.67,2
6291,209.70,3
6292,209.73,3
6293,209.77,3
6294,209.80,3
6295,209.83,3
6296,209.87,3
6297,209.90,3
6298,209.93,3
6299,209.97,3
6300,210.00,3
6301,210.03,3
6302,210.07,3
6303,210.10,3
6304,210.13,3
6305,210.17,3
6306,210.20,3
6307,210.23,3
6308,210.27,3
6309,210.30,3
6310,210.33,3
6311,210.37,3
6312,210.40,3
6313,210.43,3
6314,210.47,3
6315,210.50,3
6316,210.53,3
6317,210.57,3
6318,210.60,3
6319,210.63,3
6320,210.67,3
6321,210.70,3
6322,210.73,3
6323,210.77,3
6324,210.80,3
6325,210.83,3
6326,210.87,3
6327,210.90,3
6328,210.93,3
6329,210.97,3
6330,211.00,3
6331,211.03,3
6332,211.07,3
6333,211.10,3
6334,211.13,3
6335,211.17,3
6336,211.20,3
6337,211.23,3
6338,211.27,3
6339,211.30,3
6340,211.33,3
6341,211.37,3
6342,211.40,3
6343,211.43,3
6344,211.47,3
6345,211.50,3
6346,211.53,3
6347,211.57,3
6348,211.60,3
6349,211.63,3
6350,211.67,3
6351,211.70,3
6352,211.73,3
6353,211.77,3
6354,211.80,3
6355,211.83,3
6356,211.87,3
6357,211.90,3
6358,211.93,3
6359,211.97,3
6360,212.00,3
6361,212.03,4
6362,212.07,4
6363,212.10,4
6364,212.13,4
6365,212.17,4
6366,212.20,4
6367,212.23,4
6368,212.27,4
6369,212.30,4
6370,212.33,4
6371,212.37,4
6372,212.40,4
6373,212.43,4
6374,212.47,4
6375,212.50,4
6376,212.53,4
6377,212.57,4
6378,212.60,4
6379,212.63,4
6380,212.67,4
6381,212.70,4
6382,212.73,4
6383,212.77,4
6384,212.80,4
6385,212.83,4
6386,212.87,4
6387,212.90,4
6388,212.93,4
6389,212.97,4
6390,213.00,4
6391,213.03,4
6392,213.07,4
6393,213.10,4
6394,213.13,4
6395,213.17,4
6396,213.20,4
6397,213.23,4
6398,213.27,4
6399,213.30,4
6400,213.33,4
6401,213.37,4
6402,213.40,4
6403,213.43,4
6404,213.47,4
6405,213.50,4
6406,213.53,4
6407,213.57,4
6408,213.60,4
6409,213.63,4
6410,213.67,4
6411,213.70,4
6412,213.73,4
6413,213.77,4
6414,213.80,4
6415,213.83,4
6416,213.87,4
6417,213.90,4
6418,213.93,4
6419,213.97,4
6420,214.00,4
6421,214.03,4
6422,214.07,4
6423,214.10,4
6424,214.13,4
6425,214.17,4
6426,214.20,4
6427,214.23,4
6428,214.27,4
6429,214.30,4
6430,214.33,4
6431,214.37,4
6432,214.40,4
6433,214.43,4
6434,214.47,4
6435,214.50,4
6436,214.53,4
6437,214.57,4
6438,214.60,4
6439,214.63,4
6440,214.67,4
6441,214.70,4
6442,214.73,4
6443,214.77,4
6444,214.80,4
6445,214.83,4
6446,214.87,4
6447,214.90,4
6448,214.93,4
6449,214.97,4
6450,215.00,4
6451,215.03,4
6452,215.07,4
6453,215.10,4
6454,215.13,4
6455,215.17,4
6456,215.20,4
6457,215.23,4
6458,215.27,4
6459,215.30,4
6460,215.33,4
6461,215.37,4
6462,215.40,3
6463,215.43,4
6464,215.47,4
6465,215.50,4
6466,215.53,4
6467,215.57,4
6468,215.60,4
6469,215.63,4
6470,215.67,4
6471,215.70,4
6472,215.73,4
6473,215.77,4
6474,215.80,4
6475,215.83,4
6476,215.87,4
6477,215.90,4
6478,215.93,4
6479,215.97,4
6480,216.00,4
6481,216.03,4
6482,216.07,4
6483,216.10,3
6484,216.13,3
6485,216.17,3
6486,216.20,3
6487,216.23,3
6488,216.27,3
6489,216.30,3
6490,216.33,3
6491,216.37,3
6492,216.40,3
6493,216.43,3
6494,216.47,3
6495,216.50,3
6496,216.53,3
6497,216.57,3
6498,216.60,3
6499,216.63,2
6500,216.67,2
6501,216.70,2
6502,216.73,2
6503,216.77,2
6504,216.80,2
6505,216.83,3
6506,216.87,3
6507,216.90,3
6508,216.93,3
6509,216.97,3
6510,217.00,2
6511,217.03,2
6512,217.07,2
6513,217.10,2
6514,217.13,2
6515,217.17,2
6516,217.20,2
6517,217.23,2
6518,217.27,2
6519,217.30,3
6520,217.33,3
6521,217.37,3
6522,217.40,3
6523,217.43,3
6524,217.47,3
6525,217.50,3
6526,217.53,3
6527,217.57,3
6528,217.60,3
6529,217.63,3
6530,217.67,3
6531,217.70,3
6532,217.73,3
6533,217.77,3
6534,217.80,4
6535,217.83,4
6536,217.87,4
6537,217.90,4
6538,217.93,4
6539,217.97,4
6540,218.00,4
6541,218.03,4
6542,218.07,4
6543,218.10,3
6544,218.13,3
6545,218.17,3
6546,218.20,3
6547,218.23,3
6548,218.27,3
6549,218.30,3
6550,218.33,3
6551,218.37,3
6552,218.40,3
6553,218.43,3
6554,218.47,3
6555,218.50,3
6556,218.53,3
6557,218.57,3
6558,218.60,3
6559,218.63,3
6560,218.67,3
6561,218.70,4
6562,218.73,4
6563,218.77,4
6564,218.80,3
6565,218.83,5
6566,218.87,5
6567,218.90,5
6568,218.93,5
6569,218.97,5
6570,219.00,4
6571,219.03,5
6572,219.07,4
6573,219.10,4
6574,219.13,5
6575,219.17,4
6576,219.20,4
6577,219.23,4
6578,219.27,4
6579,219.30,5
6580,219.33,4
6581,219.37,4
6582,219.40,4
6583,219.43,4
6584,219.47,4
6585,219.50,5
6586,219.53,4
6587,219.57,4
6588,219.60,5
6589,219.63,3
6590,219.67,3
6591,219.70,4
6592,219.73,4
6593,219.77,4
6594,219.80,4
6595,219.83,4
6596,219.87,4
6597,219.90,4
6598,219.93,4
6599,219.97,4
6600,220.00,4
6601,220.03,4
6602,220.07,4
6603,220.10,4
6604,220.13,4
6605,220.17,4
6606,220.20,4
6607,220.23,4
6608,220.27,4
6609,220.30,4
6610,220.33,4
6611,220.37,4
6612,220.40,4
6613,220.43,4
6614,220.47,4
6615,220.50,4
6616,220.53,4
6617,220.57,4
6618,220.60,4
6619,220.63,4
6620,220.67,4
6621,220.70,4
6622,220.73,4
6623,220.77,4
6624,220.80,4
6625,220.83,4
6626,220.87,4
6627,220.90,4
6628,220.93,4
6629,220.97,4
6630,221.00,5
6631,221.03,4
6632,221.07,4
6633,221.10,3
6634,221.13,4
6635,221.17,4
6636,221.20,4
6637,221.23,4
6638,221.27,4
6639,221.30,5
6640,221.33,5
6641,221.37,5
6642,221.40,4
6643,221.43,4
6644,221.47,4
6645,221.50,5
6646,221.53,5
6647,221.57,5
6648,221.60,4
6649,221.63,4
6650,221.67,4
6651,221.70,4
6652,221.73,4
6653,221.77,4
6654,221.80,4
6655,221.83,5
6656,221.87,3
6657,221.90,5
6658,221.93,5
6659,221.97,5
6660,222.00,5
6661,222.03,5
6662,222.07,5
6663,222.10,5
6664,222.13,5
6665,222.17,5
6666,222.20,5
6667,222.23,5
6668,222.27,5
6669,222.30,5
6670,222.33,5
6671,222.37,5
6672,222.40,5
6673,222.43,5
6674,222.47,5
6675,222.50,5
6676,222.53,5
6677,222.57,5
6678,222.60,5
6679,222.63,5
6680,222.67,5
6681,222.70,5
6682,222.73,5
6683,222.77,5
6684,222.80,5
6685,222.83,5
6686,222.87,5
6687,222.90,5
6688,222.93,5
6689,222.97,5
6690,223.00,4
6691,223.03,4
6692,223.07,4
6693,223.10,4
6694,223.13,4
6695,223.17,4
6696,223.20,3
6697,223.23,4
6698,223.27,4
6699,223.30,3
6700,223.33,3
6701,223.37,3
6702,223.40,4
6703,223.43,4
6704,223.47,4
6705,223.50,4
6706,223.53,4
6707,223.57,4
6708,223.60,4
6709,223.63,4
6710,223.67,4
6711,223.70,4
6712,223.73,4
6713,223.77,4
6714,223.80,4
6715,223.83,4
6716,223.87,4
6717,223.90,4
6718,223.93,4
6719,223.97,4
6720,224.00,4
6721,224.03,4
6722,224.07,4
6723,224.10,4
6724,224.13,4
6725,224.17,4
6726,224.20,4
6727,224.23,4
6728,224.27,4
6729,224.30,4
6730,224.33,4
6731,224.37,4
6732,224.40,4
6733,224.43,4
6734,224.47,4
6735,224.50,4
6736,224.53,4
6737,224.57,4
6738,224.60,4
6739,224.63,4
6740,224.67,4
6741,224.70,4
6742,224.73,4
6743,224.77,4
6744,224.80,4
6745,224.83,4
6746,224.87,4
6747,224.90,4
6748,224.93,4
6749,224.97,4
6750,225.00,4
6751,225.03,4
6752,225.07,4
6753,225.10,4
6754,225.13,4
6755,225.17,4
6756,225.20,4
6757,225.23,4
6758,225.27,4
6759,225.30,4
6760,225.33,4
6761,225.37,4
6762,225.40,4
6763,225.43,4
6764,225.47,4
6765,225.50,4
6766,225.53,4
6767,225.57,4
6768,225.60,4
6769,225.63,4
6770,225.67,4
6771,225.70,4
6772,225.73,4
6773,225.77,4
6774,225.80,4
6775,225.83,4
6776,225.87,4
6777,225.90,4
6778,225.93,4
6779,225.97,4
6780,226.00,4
6781,226.03,4
6782,226.07,4
6783,226.10,4
6784,226.13,4
6785,226.17,4
6786,226.20,4
6787,226.23,4
6788,226.27,4
6789,226.30,4
6790,226.33,4
6791,226.37,4
6792,226.40,4
6793,226.43,4
6794,226.47,4
6795,226.50,4
6796,226.53,4
6797,226.57,4
6798,226.60,4
6799,226.63,4
6800,226.67,4
6801,226.70,4
6802,226.73,4
6803,226.77,4
6804,226.80,4
6805,226.83,4
6806,226.87,4
6807,226.90,4
6808,226.93,4
6809,226.97,4
6810,227.00,4
6811,227.03,4
6812,227.07,4
6813,227.10,4
6814,227.13,4
6815,227.17,4
6816,227.20,4
6817,227.23,4
6818,227.27,4
6819,227.30,4
6820,227.33,4
6821,227.37,4
6822,227.40,4
6823,227.43,4
6824,227.47,4
6825,227.50,4
6826,227.53,4
6827,227.57,4
6828,227.60,4
6829,227.63,3
6830,227.67,3
6831,227.70,3
6832,227.73,3
6833,227.77,3
6834,227.80,3
6835,227.83,3
6836,227.87,3
6837,227.90,3
6838,227.93,3
6839,227.97,3
6840,228.00,3
6841,228.03,3
6842,228.07,3
6843,228.10,4
6844,228.13,4
6845,228.17,4
6846,228.20,4
6847,228.23,4
6848,228.27,4
6849,228.30,4
6850,228.33,4
6851,228.37,4
6852,228.40,4
6853,228.43,4
6854,228.47,4
6855,228.50,4
6856,228.53,4
6857,228.57,4
6858,228.60,4
6859,228.63,4
6860,228.67,4
6861,228.70,4
6862,228.73,4
6863,228.77,4
6864,228.80,3
6865,228.83,3
6866,228.87,3
6867,228.90,3
6868,228.93,3
6869,228.97,3
6870,229.00,3
6871,229.03,4
6872,229.07,4
6873,229.10,4
6874,229.13,4
6875,229.17,4
6876,229.20,4
6877,229.23,4
6878,229.27,4
6879,229.30,4
6880,229.33,4
6881,229.37,4
6882,229.40,4
6883,229.43,4
6884,229.47,4
6885,229.50,4
6886,229.53,4
6887,229.57,4
6888,229.60,3
6889,229.63,3
6890,229.67,3
6891,229.70,3
6892,229.73,3
6893,229.77,3
6894,229.80,3
6895,229.83,3
6896,229.87,3
6897,229.90,3
6898,229.93,3
6899,229.97,3
6900,230.00,3
6901,230.03,3
6902,230.07,3
6903,230.10,4
6904,230.13,4
6905,230.17,4
6906,230.20,3
6907,230.23,3
6908,230.27,3
6909,230.30,3
6910,230.33,3
6911,230.37,3
6912,230.40,3
6913,230.43,3
6914,230.47,3
6915,230.50,3
6916,230.53,3
6917,230.57,3
6918,230.60,3
6919,230.63,3
6920,230.67,3
6921,230.70,3
6922,230.73,3
6923,230.77,3
6924,230.80,3
6925,230.83,3
6926,230.87,3
6927,230.90,3
6928,230.93,3
6929,230.97,3
6930,231.00,3
6931,231.03,3
6932,231.07,3
6933,231.10,3
6934,231.13,3
6935,231.17,3
6936,231.20,3
6937,231.23,3
6938,231.27,3
6939,231.30,3
6940,231.33,3
6941,231.37,3
6942,231.40,4
6943,231.43,4
6944,231.47,4
6945,231.50,4
6946,231.53,4
6947,231.57,4
6948,231.60,4
6949,231.63,4
6950,231.67,3
6951,231.70,4
6952,231.73,3
6953,231.77,4
6954,231.80,4
6955,231.83,4
6956,231.87,4
6957,231.90,4
6958,231.93,4
6959,231.97,4
6960,232.00,4
6961,232.03,4
6962,232.07,4
6963,232.10,4
6964,232.13,4
6965,232.17,4
6966,232.20,4
6967,232.23,4
6968,232.27,4
6969,232.30,4
6970,232.33,4
6971,232.37,4
6972,232.40,4
6973,232.43,4
6974,232.47,4
6975,232.50,4
6976,232.53,4
6977,232.57,4
6978,232.60,4
6979,232.63,4
6980,232.67,4
6981,232.70,4
6982,232.73,4
6983,232.77,4
6984,232.80,4
6985,232.83,4
6986,232.87,4
6987,232.90,4
6988,232.93,4
6989,232.97,4
6990,233.00,4
6991,233.03,3
6992,233.07,4
6993,233.10,3
6994,233.13,3
6995,233.17,3
6996,233.20,3
6997,233.23,3
6998,233.27,3
6999,233.30,3
7000,233.33,3
7001,233.37,3
7002,233.40,3
7003,233.43,3
7004,233.47,3
7005,233.50,3
7006,233.53,3
7007,233.57,3
7008,233.60,3
7009,233.63,2
7010,233.67,3
7011,233.70,3
7012,233.73,3
7013,233.77,3
7014,233.80,3
7015,233.83,3
7016,233.87,3
7017,233.90,3
7018,233.93,2
7019,233.97,2
7020,234.00,2
7021,234.03,2
7022,234.07,2
7023,234.10,2
7024,234.13,2
7025,234.17,2
7026,234.20,3
7027,234.23,3
7028,234.27,3
7029,234.30,3
7030,234.33,3
7031,234.37,3
7032,234.40,3
7033,234.43,3
7034,234.47,3
7035,234.50,4
7036,234.53,3
7037,234.57,3
7038,234.60,4
7039,234.63,4
7040,234.67,4
7041,234.70,4
7042,234.73,4
7043,234.77,4
7044,234.80,4
7045,234.83,4
7046,234.87,4
7047,234.90,4
7048,234.93,4
7049,234.97,4
7050,235.00,4
7051,235.03,4
7052,235.07,4
7053,235.10,4
7054,235.13,4
7055,235.17,4
7056,235.20,4
7057,235.23,4
7058,235.27,4
7059,235.30,4
7060,235.33,4
7061,235.37,4
7062,235.40,4
7063,235.43,4
7064,235.47,4
7065,235.50,4
7066,235.53,4
7067,235.57,4
7068,235.60,4
7069,235.63,4
7070,235.67,4
7071,235.70,4
7072,235.73,4
7073,235.77,4
7074,235.80,4
7075,235.83,4
7076,235.87,4
7077,235.90,4
7078,235.93,4
7079,235.97,4
7080,236.00,4
7081,236.03,4
7082,236.07,4
7083,236.10,4
7084,236.13,4
7085,236.17,4
7086,236.20,4
7087,236.23,4
7088,236.27,4
7089,236.30,3
7090,236.33,3
7091,236.37,3
7092,236.40,3
7093,236.43,3
7094,236.47,3
7095,236.50,3
7096,236.53,3
7097,236.57,3
7098,236.60,3
7099,236.63,4
7100,236.67,4
7101,236.70,4
7102,236.73,4
7103,236.77,4
7104,236.80,4
7105,236.83,4
7106,236.87,4
7107,236.90,4
7108,236.93,4
7109,236.97,4
7110,237.00,4
7111,237.03,4
7112,237.07,4
7113,237.10,4
7114,237.13,4
7115,237.17,4
7116,237.20,4
7117,237.23,4
7118,237.27,4
7119,237.30,4
7120,237.33,4
7121,237.37,4
7122,237.40,4
7123,237.43,4
7124,237.47,4
7125,237.50,4
7126,237.53,4
7127,237.57,4
7128,237.60,4
7129,237.63,4
7130,237.67,4
7131,237.70,4
7132,237.73,4
7133,237.77,4
7134,237.80,4
7135,237.83,4
7136,237.87,4
7137,237.90,4
7138,237.93,4
7139,237.97,4
7140,238.00,4
7141,238.03,4
7142,238.07,4
7143,238.10,4
7144,238.13,4
7145,238.17,4
7146,238.20,4
7147,238.23,4
7148,238.27,4
7149,238.30,4
7150,238.33,4
7151,238.37,4
7152,238.40,4
7153,238.43,4
7154,238.47,4
7155,238.50,4
7156,238.53,4
7157,238.57,4
7158,238.60,4
7159,238.63,4
7160,238.67,4
7161,238.70,4
7162,238.73,4
7163,238.77,4
7164,238.80,4
7165,238.83,4
7166,238.87,4
7167,238.90,4
7168,238.93,4
7169,238.97,4
7170,239.00,4
7171,239.03,4
7172,239.07,4
7173,239.10,4
7174,239.13,4
7175,239.17,4
7176,239.20,4
7177,239.23,4
7178,239.27,4
7179,239.30,3
7180,239.33,4
7181,239.37,3
7182,239.40,3
7183,239.43,3
7184,239.47,3
7185,239.50,4
7186,239.53,4
7187,239.57,3
7188,239.60,4
7189,239.63,3
7190,239.67,3
7191,239.70,3
7192,239.73,3
7193,239.77,3
7194,239.80,3
7195,239.83,3
7196,239.87,3
7197,239.90,3
7198,239.93,3
7199,239.97,3
7200,240.00,3
7201,240.03,3
7202,240.07,3
7203,240.10,3
7204,240.13,3
7205,240.17,3
7206,240.20,3
7207,240.23,3
7208,240.27,3
7209,240.30,3
7210,240.33,3
7211,240.37,3
7212,240.40,3
7213,240.43,3
7214,240.47,3
7215,240.50,3
7216,240.53,3
7217,240.57,3
7218,240.60,3
7219,240.63,3
7220,240.67,3
7221,240.70,3
7222,240.73,3
7223,240.77,3
7224,240.80,3
7225,240.83,3
7226,240.87,3
7227,240.90,3
7228,240.93,3
7229,240.97,3
7230,241.00,3
7231,241.03,3
7232,241.07,3
7233,241.10,3
7234,241.13,3
7235,241.17,3
7236,241.20,3
7237,241.23,3
7238,241.27,3
7239,241.30,3
7240,241.33,3
7241,241.37,3
7242,241.40,3
7243,241.43,3
7244,241.47,3
7245,241.50,3
7246,241.53,3
7247,241.57,3
7248,241.60,3
7249,241.63,4
7250,241.67,3
7251,241.70,3
7252,241.73,3
7253,241.77,3
7254,241.80,3
7255,241.83,3
7256,241.87,3
7257,241.90,3
7258,241.93,3
7259,241.97,3
7260,242.00,3
7261,242.03,3
7262,242.07,3
7263,242.10,3
7264,242.13,3
7265,242.17,3
7266,242.20,4
7267,242.23,4
7268,242.27,4
7269,242.30,4
7270,242.33,4
7271,242.37,4
7272,242.40,4
7273,242.43,4
7274,242.47,4
7275,242.50,4
7276,242.53,4
7277,242.57,4
7278,242.60,4
7279,242.63,4
7280,242.67,4
7281,242.70,3
7282,242.73,3
7283,242.77,3
7284,242.80,3
7285,242.83,4
7286,242.87,4
7287,242.90,4
7288,242.93,4
7289,242.97,4
7290,243.00,4
7291,243.03,4
7292,243.07,4
7293,243.10,4
7294,243.13,4
7295,243.17,4
7296,243.20,4
7297,243.23,4
7298,243.27,4
7299,243.30,4
7300,243.33,4
7301,243.37,4
7302,243.40,4
7303,243.43,4
7304,243.47,4
7305,243.50,4
7306,243.53,4
7307,243.57,4
7308,243.60,4
7309,243.63,4
7310,243.67,4
7311,243.70,4
7312,243.73,4
7313,243.77,4
7314,243.80,4
7315,243.83,4
7316,243.87,4
7317,243.90,4
7318,243.93,4
7319,243.97,4
7320,244.00,4
7321,244.03,4
7322,244.07,4
7323,244.10,4
7324,244.13,4
7325,244.17,4
7326,244.20,3
7327,244.23,3
7328,244.27,3
7329,244.30,3
7330,244.33,3
7331,244.37,3
7332,244.40,3
7333,244.43,3
7334,244.47,3
7335,244.50,3
7336,244.53,3
7337,244.57,3
7338,244.60,3
7339,244.63,3
7340,244.67,3
7341,244.70,3
7342,244.73,3
7343,244.77,3
7344,244.80,4
7345,244.83,4
7346,244.87,4
7347,244.90,4
7348,244.93,4
7349,244.97,4
7350,245.00,3
7351,245.03,3
7352,245.07,3
7353,245.10,3
7354,245.13,3
7355,245.17,3
7356,245.20,4
7357,245.23,4
7358,245.27,4
7359,245.30,3
7360,245.33,3
7361,245.37,4
7362,245.40,4
7363,245.43,4
7364,245.47,4
7365,245.50,4
7366,245.53,4
7367,245.57,4
7368,245.60,4
7369,245.63,4
7370,245.67,4
7371,245.70,4
7372,245.73,4
7373,245.77,4
7374,245.80,4
7375,245.83,4
7376,245.87,4
7377,245.90,4
7378,245.93,4
7379,245.97,4
7380,246.00,4
7381,246.03,4
7382,246.07,4
7383,246.10,4
7384,246.13,4
7385,246.17,4
7386,246.20,4
7387,246.23,4
7388,246.27,4
7389,246.30,4
7390,246.33,4
7391,246.37,4
7392,246.40,4
7393,246.43,4
7394,246.47,4
7395,246.50,4
7396,246.53,4
7397,246.57,4
7398,246.60,4
7399,246.63,4
7400,246.67,4
7401,246.70,4
7402,246.73,4
7403,246.77,4
7404,246.80,4
7405,246.83,4
7406,246.87,4
7407,246.90,4
7408,246.93,4
7409,246.97,4
7410,247.00,4
7411,247.03,4
7412,247.07,4
7413,247.10,4
7414,247.13,4
7415,247.17,4
7416,247.20,3
7417,247.23,3
7418,247.27,3
7419,247.30,3
7420,247.33,3
7421,247.37,3
7422,247.40,3
7423,247.43,4
7424,247.47,3
7425,247.50,4
7426,247.53,4
7427,247.57,4
7428,247.60,4
7429,247.63,4
7430,247.67,4
7431,247.70,4
7432,247.73,4
7433,247.77,4
7434,247.80,4
7435,247.83,4
7436,247.87,4
7437,247.90,4
7438,247.93,4
7439,247.97,4
7440,248.00,4
7441,248.03,4
7442,248.07,4
7443,248.10,4
7444,248.13,4
7445,248.17,4
7446,248.20,4
7447,248.23,4
7448,248.27,4
7449,248.30,4
7450,248.33,4
7451,248.37,3
7452,248.40,3
7453,248.43,4
7454,248.47,4
7455,248.50,4
7456,248.53,4
7457,248.57,4
7458,248.60,4
7459,248.63,4
7460,248.67,4
7461,248.70,4
7462,248.73,4
7463,248.77,4
7464,248.80,4
7465,248.83,4
7466,248.87,4
7467,248.90,4
7468,248.93,3
7469,248.97,4
7470,249.00,4
7471,249.03,3
7472,249.07,3
7473,249.10,3
7474,249.13,4
7475,249.17,4
7476,249.20,4
7477,249.23,4
7478,249.27,4
7479,249.30,4
7480,249.33,4
7481,249.37,4
7482,249.40,4
7483,249.43,4
7484,249.47,4
7485,249.50,4
7486,249.53,4
7487,249.57,4
7488,249.60,4
7489,249.63,4
7490,249.67,4
7491,249.70,4
7492,249.73,4
7493,249.77,4
7494,249.80,4
7495,249.83,4
7496,249.87,4
7497,249.90,4
7498,249.93,4
7499,249.97,4
7500,250.00,4
7501,250.03,4
7502,250.07,4
7503,250.10,4
7504,250.13,4
7505,250.17,3
7506,250.20,3
7507,250.23,3
7508,250.27,3
7509,250.30,3
7510,250.33,3
7511,250.37,3
7512,250.40,3
7513,250.43,3
7514,250.47,3
7515,250.50,3
7516,250.53,4
7517,250.57,4
7518,250.60,4
7519,250.63,4
7520,250.67,4
7521,250.70,4
7522,250.73,4
7523,250.77,4
7524,250.80,4
7525,250.83,4
7526,250.87,4
7527,250.90,4
7528,250.93,4
7529,250.97,4
7530,251.00,4
7531,251.03,4
7532,251.07,4
7533,251.10,4
7534,251.13,4
7535,251.17,4
7536,251.20,4
7537,251.23,4
7538,251.27,4
7539,251.30,4
7540,251.33,4
7541,251.37,4
7542,251.40,4
7543,251.43,4
7544,251.47,4
7545,251.50,4
7546,251.53,4
7547,251.57,4
7548,251.60,4
7549,251.63,4
7550,251.67,4
7551,251.70,4
7552,251.73,4
7553,251.77,4
7554,251.80,4
7555,251.83,4
7556,251.87,4
7557,251.90,4
7558,251.93,4
7559,251.97,4
7560,252.00,4
7561,252.03,4
7562,252.07,4
7563,252.10,4
7564,252.13,4
7565,252.17,4
7566,252.20,4
7567,252.23,4
7568,252.27,4
7569,252.30,4
7570,252.33,4
7571,252.37,4
7572,252.40,4
7573,252.43,4
7574,252.47,4
7575,252.50,4
7576,252.53,4
7577,252.57,4
7578,252.60,4
7579,252.63,4
7580,252.67,4
7581,252.70,4
7582,252.73,4
7583,252.77,4
7584,252.80,4
7585,252.83,4
7586,252.87,4
7587,252.90,4
7588,252.93,4
7589,252.97,4
7590,253.00,4
7591,253.03,4
7592,253.07,4
7593,253.10,4
7594,253.13,4
7595,253.17,4
7596,253.20,4
7597,253.23,4
7598,253.27,4
7599,253.30,4
7600,253.33,4
7601,253.37,4
7602,253.40,4
7603,253.43,4
7604,253.47,4
7605,253.50,4
7606,253.53,5
7607,253.57,5
7608,253.60,4
7609,253.63,4
7610,253.67,5
7611,253.70,4
7612,253.73,4
7613,253.77,4
7614,253.80,5
7615,253.83,4
7616,253.87,4
7617,253.90,4
7618,253.93,5
7619,253.97,5
7620,254.00,5
7621,254.03,5
7622,254.07,5
7623,254.10,5
7624,254.13,5
7625,254.17,4
7626,254.20,4
7627,254.23,4
7628,254.27,4
7629,254.30,4
7630,254.33,4
7631,254.37,4
7632,254.40,4
7633,254.43,4
7634,254.47,4
7635,254.50,4
7636,254.53,4
7637,254.57,4
7638,254.60,4
7639,254.63,4
7640,254.67,4
7641,254.70,4
7642,254.73,4
7643,254.77,4
7644,254.80,4
7645,254.83,4
7646,254.87,4
7647,254.90,4
7648,254.93,4
7649,254.97,4
7650,255.00,4
7651,255.03,4
7652,255.07,4
7653,255.10,4
7654,255.13,4
7655,255.17,4
7656,255.20,4
7657,255.23,4
7658,255.27,4
7659,255.30,4
7660,255.33,4
7661,255.37,4
7662,255.40,4
7663,255.43,4
7664,255.47,4
7665,255.50,4
7666,255.53,4
7667,255.57,4
7668,255.60,4
7669,255.63,4
7670,255.67,4
7671,255.70,4
7672,255.73,4
7673,255.77,4
7674,255.80,4
7675,255.83,4
7676,255.87,4
7677,255.90,4
7678,255.93,4
7679,255.97,4
7680,256.00,4
7681,256.03,4
7682,256.07,4
7683,256.10,4
7684,256.13,4
7685,256.17,4
7686,256.20,4
7687,256.23,4
7688,256.27,4
7689,256.30,4
7690,256.33,4
7691,256.37,3
7692,256.40,4
7693,256.43,3
7694,256.47,3
7695,256.50,3
7696,256.53,3
7697,256.57,3
7698,256.60,3
7699,256.63,3
7700,256.67,3
7701,256.70,3
7702,256.73,3
7703,256.77,3
7704,256.80,3
7705,256.83,3
7706,256.87,3
7707,256.90,3
7708,256.93,3
7709,256.97,3
7710,257.00,3
7711,257.03,3
7712,257.07,3
7713,257.10,3
7714,257.13,3
7715,257.17,3
7716,257.20,3
7717,257.23,3
7718,257.27,3
7719,257.30,3
7720,257.33,3
7721,257.37,3
7722,257.40,3
7723,257.43,3
7724,257.47,3
7725,257.50,3
7726,257.53,3
7727,257.57,3
7728,257.60,3
7729,257.63,3
7730,257.67,3
7731,257.70,3
7732,257.73,3
7733,257.77,3
7734,257.80,3
7735,257.83,3
7736,257.87,3
7737,257.90,3
7738,257.93,3
7739,257.97,3
7740,258.00,3
7741,258.03,3
7742,258.07,3
7743,258.10,3
7744,258.13,3
7745,258.17,3
7746,258.20,3
7747,258.23,3
7748,258.27,3
7749,258.30,3
7750,258.33,3
7751,258.37,3
7752,258.40,3
7753,258.43,3
7754,258.47,3
7755,258.50,3
7756,258.53,3
7757,258.57,3
7758,258.60,4
7759,258.63,4
7760,258.67,3
7761,258.70,4
7762,258.73,4
7763,258.77,4
7764,258.80,4
7765,258.83,4
7766,258.87,4
7767,258.90,4
7768,258.93,3
7769,258.97,3
7770,259.00,3
7771,259.03,4
7772,259.07,4
7773,259.10,3
7774,259.13,4
7775,259.17,4
7776,259.20,3
7777,259.23,3
7778,259.27,4
7779,259.30,4
7780,259.33,4
7781,259.37,4
7782,259.40,4
7783,259.43,4
7784,259.47,4
7785,259.50,4
7786,259.53,3
7787,259.57,3
7788,259.60,3
7789,259.63,3
7790,259.67,3
7791,259.70,3
7792,259.73,3
7793,259.77,3
7794,259.80,3
7795,259.83,3
7796,259.87,3
7797,259.90,3
7798,259.93,3
7799,259.97,3
7800,260.00,3
7801,260.03,3
7802,260.07,3
7803,260.10,3
7804,260.13,4
7805,260.17,4
7806,260.20,4
7807,260.23,4
7808,260.27,4
7809,260.30,4
7810,260.33,4
7811,260.37,4
7812,260.40,4
7813,260.43,4
7814,260.47,4
7815,260.50,4
7816,260.53,4
7817,260.57,4
7818,260.60,4
7819,260.63,4
7820,260.67,4
7821,260.70,4
7822,260.73,4
7823,260.77,4
7824,260.80,4
7825,260.83,4
7826,260.87,4
7827,260.90,4
7828,260.93,4
7829,260.97,4
7830,261.00,4
7831,261.03,4
7832,261.07,4
7833,261.10,4
7834,261.13,4
7835,261.17,4
7836,261.20,4
7837,261.23,4
7838,261.27,4
7839,261.30,4
7840,261.33,4
7841,261.37,4
7842,261.40,4
7843,261.43,4
7844,261.47,4
7845,261.50,4
7846,261.53,4
7847,261.57,4
7848,261.60,4
7849,261.63,4
7850,261.67,4
7851,261.70,4
7852,261.73,4
7853,261.77,4
7854,261.80,4
7855,261.83,4
7856,261.87,4
7857,261.90,4
7858,261.93,4
7859,261.97,4
7860,262.00,4
7861,262.03,4
7862,262.07,4
7863,262.10,4
7864,262.13,4
7865,262.17,4
7866,262.20,4
7867,262.23,3
7868,262.27,3
7869,262.30,3
7870,262.33,3
7871,262.37,3
7872,262.40,4
7873,262.43,4
7874,262.47,4
7875,262.50,4
7876,262.53,3
7877,262.57,3
7878,262.60,3
7879,262.63,3
7880,262.67,3
7881,262.70,3
7882,262.73,3
7883,262.77,3
7884,262.80,3
7885,262.83,3
7886,262.87,3
7887,262.90,3
7888,262.93,3
7889,262.97,4
7890,263.00,3
7891,263.03,4
7892,263.07,4
7893,263.10,3
7894,263.13,4
7895,263.17,4
7896,263.20,4
7897,263.23,4
7898,263.27,4
7899,263.30,4
7900,263.33,4
7901,263.37,4
7902,263.40,4
7903,263.43,4
7904,263.47,4
7905,263.50,4
7906,263.53,4
7907,263.57,4
7908,263.60,4
7909,263.63,4
7910,263.67,4
7911,263.70,4
7912,263.73,4
7913,263.77,4
7914,263.80,4
7915,263.83,4
7916,263.87,4
7917,263.90,4
7918,263.93,4
7919,263.97,4
7920,264.00,4
7921,264.03,4
7922,264.07,4
7923,264.10,4
7924,264.13,4
7925,264.17,4
7926,264.20,4
7927,264.23,4
7928,264.27,4
7929,264.30,4
7930,264.33,4
7931,264.37,4
7932,264.40,4
7933,264.43,4
7934,264.47,4
7935,264.50,4
7936,264.53,4
7937,264.57,4
7938,264.60,4
7939,264.63,5
7940,264.67,5
7941,264.70,5
7942,264.73,4
7943,264.77,4
7944,264.80,4
7945,264.83,4
7946,264.87,4
7947,264.90,4
7948,264.93,4
7949,264.97,4
7950,265.00,4
7951,265.03,4
7952,265.07,4
7953,265.10,4
7954,265.13,4
7955,265.17,4
7956,265.20,4
7957,265.23,4
7958,265.27,4
7959,265.30,4
7960,265.33,4
7961,265.37,4
7962,265.40,4
7963,265.43,4
7964,265.47,4
7965,265.50,4
7966,265.53,4
7967,265.57,4
7968,265.60,5
7969,265.63,4
7970,265.67,4
7971,265.70,4
7972,265.73,4
7973,265.77,4
7974,265.80,5
7975,265.83,4
7976,265.87,4
7977,265.90,4
7978,265.93,5
7979,265.97,5
7980,266.00,5
7981,266.03,5
7982,266.07,5
7983,266.10,5
7984,266.13,5
7985,266.17,4
7986,266.20,4
7987,266.23,4
7988,266.27,4
7989,266.30,4
7990,266.33,4
7991,266.37,4
7992,266.40,4
7993,266.43,4
7994,266.47,4
7995,266.50,4
7996,266.53,4
7997,266.57,4
7998,266.60,4
7999,266.63,4
8000,266.67,4
8001,266.70,4
8002,266.73,4
8003,266.77,4
8004,266.80,4
8005,266.83,4
8006,266.87,4
8007,266.90,4
8008,266.93,4
8009,266.97,4
8010,267.00,4
8011,267.03,4
8012,267.07,4
8013,267.10,4
8014,267.13,5
8015,267.17,5
8016,267.20,5
8017,267.23,5
8018,267.27,4
8019,267.30,5
8020,267.33,5
8021,267.37,5
8022,267.40,5
8023,267.43,5
8024,267.47,5
8025,267.50,5
8026,267.53,5
8027,267.57,5
8028,267.60,5
8029,267.63,5
8030,267.67,5
8031,267.70,5
8032,267.73,5
8033,267.77,5
8034,267.80,5
8035,267.83,5
8036,267.87,5
8037,267.90,5
8038,267.93,5
8039,267.97,5
8040,268.00,4
8041,268.03,4
8042,268.07,4
8043,268.10,4
8044,268.13,4
8045,268.17,4
8046,268.20,4
8047,268.23,5
8048,268.27,4
8049,268.30,5
8050,268.33,4
8051,268.37,4
8052,268.40,5
8053,268.43,4
8054,268.47,4
8055,268.50,4
8056,268.53,4
8057,268.57,4
8058,268.60,4
8059,268.63,4
8060,268.67,4
8061,268.70,4
8062,268.73,4
8063,268.77,4
8064,268.80,4
8065,268.83,4
8066,268.87,4
8067,268.90,4
8068,268.93,4
8069,268.97,4
8070,269.00,4
8071,269.03,4
8072,269.07,4
8073,269.10,4
8074,269.13,4
8075,269.17,4
8076,269.20,4
8077,269.23,4
8078,269.27,4
8079,269.30,4
8080,269.33,3
8081,269.37,3
8082,269.40,3
8083,269.43,3
8084,269.47,3
8085,269.50,3
8086,269.53,3
8087,269.57,3
8088,269.60,3
8089,269.63,3
8090,269.67,3
8091,269.70,3
8092,269.73,3
8093,269.77,3
8094,269.80,4
8095,269.83,5
8096,269.87,4
8097,269.90,5
8098,269.93,5
8099,269.97,5
8100,270.00,5
8101,270.03,5
8102,270.07,5
8103,270.10,5
8104,270.13,5
8105,270.17,4
8106,270.20,4
8107,270.23,4
8108,270.27,3
8109,270.30,4
8110,270.33,4
8111,270.37,4
8112,270.40,4
8113,270.43,4
8114,270.47,4
8115,270.50,4
8116,270.53,3
8117,270.57,3
8118,270.60,3
8119,270.63,3
8120,270.67,3
8121,270.70,3
8122,270.73,3
8123,270.77,5
8124,270.80,4
8125,270.83,5
8126,270.87,5
8127,270.90,5
8128,270.93,4
8129,270.97,4
8130,271.00,5
8131,271.03,5
8132,271.07,4
8133,271.10,4
8134,271.13,5
8135,271.17,5
8136,271.20,5
8137,271.23,5
8138,271.27,5
8139,271.30,5
8140,271.33,4
8141,271.37,4
8142,271.40,4
8143,271.43,4
8144,271.47,5
8145,271.50,4
8146,271.53,5
8147,271.57,5
8148,271.60,4
8149,271.63,4
8150,271.67,4
8151,271.70,4
8152,271.73,4
8153,271.77,4
8154,271.80,4
8155,271.83,4
8156,271.87,4
8157,271.90,4
8158,271.93,4
8159,271.97,3
8160,272.00,3
8161,272.03,3
8162,272.07,3
8163,272.10,3
8164,272.13,3
8165,272.17,3
8166,272.20,3
8167,272.23,3
8168,272.27,3
8169,272.30,3
8170,272.33,3
8171,272.37,3
8172,272.40,3
8173,272.43,3
8174,272.47,3
8175,272.50,3
8176,272.53,3
8177,272.57,3
8178,272.60,3
8179,272.63,3
8180,272.67,3
8181,272.70,3
8182,272.73,3
8183,272.77,3
8184,272.80,3
8185,272.83,3
8186,272.87,3
8187,272.90,3
8188,272.93,4
8189,272.97,4
8190,273.00,5
8191,273.03,4
8192,273.07,4
8193,273.10,4
8194,273.13,4
8195,273.17,4
8196,273.20,5
8197,273.23,5
8198,273.27,5
8199,273.30,5
8200,273.33,5
8201,273.37,5
8202,273.40,5
8203,273.43,5
8204,273.47,5
8205,273.50,5
8206,273.53,5
8207,273.57,5
8208,273.60,5
8209,273.63,5
8210,273.67,5
8211,273.70,5
8212,273.73,5
8213,273.77,4
8214,273.80,4
8215,273.83,4
8216,273.87,4
8217,273.90,4
8218,273.93,4
8219,273.97,4
8220,274.00,4
8221,274.03,4
8222,274.07,4
8223,274.10,4
8224,274.13,4
8225,274.17,4
8226,274.20,4
8227,274.23,4
8228,274.27,4
8229,274.30,4
8230,274.33,4
8231,274.37,4
8232,274.40,4
8233,274.43,4
8234,274.47,4
8235,274.50,4
8236,274.53,4
8237,274.57,4
8238,274.60,4
8239,274.63,4
8240,274.67,4
8241,274.70,4
8242,274.73,4
8243,274.77,4
8244,274.80,4
8245,274.83,4
8246,274.87,4
8247,274.90,4
8248,274.93,4
8249,274.97,4
8250,275.00,4
8251,275.03,4
8252,275.07,4
8253,275.10,4
8254,275.13,4
8255,275.17,4
8256,275.20,4
8257,275.23,4
8258,275.27,4
8259,275.30,4
8260,275.33,4
8261,275.37,4
8262,275.40,4
8263,275.43,4
8264,275.47,4
8265,275.50,4
8266,275.53,4
8267,275.57,4
8268,275.60,4
8269,275.63,4
8270,275.67,4
8271,275.70,4
8272,275.73,4
8273,275.77,4
8274,275.80,4
8275,275.83,4
8276,275.87,4
8277,275.90,4
8278,275.93,4
8279,275.97,4
8280,276.00,4
8281,276.03,4
8282,276.07,4
8283,276.10,4
8284,276.13,4
8285,276.17,4
8286,276.20,4
8287,276.23,4
8288,276.27,4
8289,276.30,4
8290,276.33,4
8291,276.37,4
8292,276.40,4
8293,276.43,4
8294,276.47,4
8295,276.50,4
8296,276.53,4
8297,276.57,4
8298,276.60,4
8299,276.63,4
8300,276.67,4
8301,276.70,4
8302,276.73,4
8303,276.77,4
8304,276.80,4
8305,276.83,4
8306,276.87,4
8307,276.90,4
8308,276.93,4
8309,276.97,4
8310,277.00,4
8311,277.03,4
8312,277.07,4
8313,277.10,4
8314,277.13,4
8315,277.17,4
8316,277.20,4
8317,277.23,4
8318,277.27,4
8319,277.30,4
8320,277.33,4
8321,277.37,4
8322,277.40,4
8323,277.43,4
8324,277.47,4
8325,277.50,4
8326,277.53,4
8327,277.57,4
8328,277.60,4
8329,277.63,4
8330,277.67,4
8331,277.70,4
8332,277.73,4
8333,277.77,4
8334,277.80,4
8335,277.83,4
8336,277.87,4
8337,277.90,4
8338,277.93,4
8339,277.97,4
8340,278.00,4
8341,278.03,4
8342,278.07,4
8343,278.10,4
8344,278.13,4
8345,278.17,5
8346,278.20,5
8347,278.23,5
8348,278.27,4
8349,278.30,4
8350,278.33,5
8351,278.37,5
8352,278.40,5
8353,278.43,5
8354,278.47,5
8355,278.50,5
8356,278.53,5
8357,278.57,5
8358,278.60,5
8359,278.63,5
8360,278.67,5
8361,278.70,5
8362,278.73,4
8363,278.77,4
8364,278.80,5
8365,278.83,4
8366,278.87,4
8367,278.90,4
8368,278.93,5
8369,278.97,5
8370,279.00,5
8371,279.03,5
8372,279.07,5
8373,279.10,5
8374,279.13,5
8375,279.17,4
8376,279.20,4
8377,279.23,4
8378,279.27,4
8379,279.30,4
8380,279.33,4
8381,279.37,4
8382,279.40,4
8383,279.43,4
8384,279.47,4
8385,279.50,4
8386,279.53,4
8387,279.57,4
8388,279.60,4
8389,279.63,4
8390,279.67,4
8391,279.70,4
8392,279.73,4
8393,279.77,4
8394,279.80,5
8395,279.83,4
8396,279.87,4
8397,279.90,4
8398,279.93,4
8399,279.97,4
8400,280.00,4
8401,280.03,4
8402,280.07,4
8403,280.10,4
8404,280.13,4
8405,280.17,4
8406,280.20,4
8407,280.23,4
8408,280.27,4
8409,280.30,4
8410,280.33,4
8411,280.37,4
8412,280.40,4
8413,280.43,4
8414,280.47,4
8415,280.50,4
8416,280.53,4
8417,280.57,4
8418,280.60,4
8419,280.63,4
8420,280.67,4
8421,280.70,4
8422,280.73,4
8423,280.77,4
8424,280.80,4
8425,280.83,4
8426,280.87,4
8427,280.90,4
8428,280.93,4
8429,280.97,4
8430,281.00,4
8431,281.03,4
8432,281.07,4
8433,281.10,4
8434,281.13,4
8435,281.17,4
8436,281.20,4
8437,281.23,4
8438,281.27,4
8439,281.30,4
8440,281.33,4
8441,281.37,4
8442,281.40,4
8443,281.43,4
8444,281.47,4
8445,281.50,4
8446,281.53,4
8447,281.57,4
8448,281.60,4
8449,281.63,4
8450,281.67,4
8451,281.70,4
8452,281.73,4
8453,281.77,4
8454,281.80,4
8455,281.83,4
8456,281.87,4
8457,281.90,4
8458,281.93,4
8459,281.97,4
8460,282.00,4
8461,282.03,4
8462,282.07,4
8463,282.10,4
8464,282.13,4
8465,282.17,4
8466,282.20,4
8467,282.23,4
8468,282.27,5
8469,282.30,5
8470,282.33,5
8471,282.37,5
8472,282.40,4
8473,282.43,4
8474,282.47,4
8475,282.50,4
8476,282.53,4
8477,282.57,4
8478,282.60,4
8479,282.63,4
8480,282.67,4
8481,282.70,4
8482,282.73,4
8483,282.77,4
8484,282.80,4
8485,282.83,4
8486,282.87,4
8487,282.90,4
8488,282.93,4
8489,282.97,4
8490,283.00,4
8491,283.03,4
8492,283.07,4
8493,283.10,4
8494,283.13,4
8495,283.17,4
8496,283.20,4
8497,283.23,4
8498,283.27,4
8499,283.30,4
8500,283.33,4
8501,283.37,4
8502,283.40,4
8503,283.43,4
8504,283.47,4
8505,283.50,4
8506,283.53,4
8507,283.57,4
8508,283.60,4
8509,283.63,4
8510,283.67,4
8511,283.70,4
8512,283.73,4
8513,283.77,4
8514,283.80,4
8515,283.83,4
8516,283.87,4
8517,283.90,4
8518,283.93,4
8519,283.97,4
8520,284.00,4
8521,284.03,4
8522,284.07,4
8523,284.10,4
8524,284.13,4
8525,284.17,4
8526,284.20,4
8527,284.23,4
8528,284.27,4
8529,284.30,4
8530,284.33,4
8531,284.37,4
8532,284.40,4
8533,284.43,4
8534,284.47,4
8535,284.50,4
8536,284.53,4
8537,284.57,4
8538,284.60,4
8539,284.63,4
8540,284.67,4
8541,284.70,4
8542,284.73,4
8543,284.77,4
8544,284.80,4
8545,284.83,4
8546,284.87,4
8547,284.90,4
8548,284.93,4
8549,284.97,4
8550,285.00,4
8551,285.03,4
8552,285.07,4
8553,285.10,4
8554,285.13,4
8555,285.17,4
8556,285.20,4
8557,285.23,4
8558,285.27,4
8559,285.30,4
8560,285.33,4
8561,285.37,4
8562,285.40,4
8563,285.43,4
8564,285.47,4
8565,285.50,4
8566,285.53,4
8567,285.57,4
8568,285.60,4
8569,285.63,4
8570,285.67,4
8571,285.70,4
8572,285.73,4
8573,285.77,4
8574,285.80,4
8575,285.83,4
8576,285.87,4
8577,285.90,4
8578,285.93,4
8579,285.97,4
8580,286.00,4
8581,286.03,4
8582,286.07,4
8583,286.10,4
8584,286.13,4
8585,286.17,5
8586,286.20,4
8587,286.23,4
8588,286.27,4
8589,286.30,4
8590,286.33,4
8591,286.37,4
8592,286.40,4
8593,286.43,4
8594,286.47,4
8595,286.50,4
8596,286.53,4
8597,286.57,4
8598,286.60,3
8599,286.63,3
8600,286.67,3
8601,286.70,3
8602,286.73,3
8603,286.77,3
8604,286.80,4
8605,286.83,2
8606,286.87,2
8607,286.90,2
8608,286.93,2
8609,286.97,2
8610,287.00,3
8611,287.03,3
8612,287.07,3
8613,287.10,2
8614,287.13,2
8615,287.17,2
8616,287.20,2
8617,287.23,2
8618,287.27,2
8619,287.30,3
8620,287.33,3
8621,287.37,3
8622,287.40,3
8623,287.43,3
8624,287.47,3
8625,287.50,2
8626,287.53,3
8627,287.57,3
8628,287.60,3
8629,287.63,3
8630,287.67,3
8631,287.70,3
8632,287.73,3
8633,287.77,3
8634,287.80,3
8635,287.83,3
8636,287.87,3
8637,287.90,3
8638,287.93,3
8639,287.97,3
8640,288.00,3
8641,288.03,3
8642,288.07,3
8643,288.10,3
8644,288.13,3
8645,288.17,2
8646,288.20,3
8647,288.23,3
8648,288.27,3
8649,288.30,3
8650,288.33,3
8651,288.37,3
8652,288.40,3
8653,288.43,3
8654,288.47,3
8655,288.50,3
8656,288.53,3
8657,288.57,3
8658,288.60,3
8659,288.63,3
8660,288.67,3
8661,288.70,3
8662,288.73,3
8663,288.77,3
8664,288.80,3
8665,288.83,3
8666,288.87,3
8667,288.90,3
8668,288.93,3
8669,288.97,3
8670,289.00,3
8671,289.03,3
8672,289.07,3
8673,289.10,4
8674,289.13,4
8675,289.17,4
8676,289.20,4
8677,289.23,4
8678,289.27,4
8679,289.30,4
8680,289.33,4
8681,289.37,4
8682,289.40,4
8683,289.43,4
8684,289.47,4
8685,289.50,4
8686,289.53,4
8687,289.57,4
8688,289.60,4
8689,289.63,4
8690,289.67,4
8691,289.70,4
8692,289.73,4
8693,289.77,4
8694,289.80,4
8695,289.83,4
8696,289.87,4
8697,289.90,4
8698,289.93,4
8699,289.97,4
8700,290.00,4
8701,290.03,4
8702,290.07,4
8703,290.10,4
8704,290.13,4
8705,290.17,3
8706,290.20,4
8707,290.23,4
8708,290.27,4
8709,290.30,3
8710,290.33,3
8711,290.37,3
8712,290.40,4
8713,290.43,4
8714,290.47,4
8715,290.50,3
8716,290.53,4
8717,290.57,4
8718,290.60,4
8719,290.63,4
8720,290.67,4
8721,290.70,4
8722,290.73,4
8723,290.77,4
8724,290.80,4
8725,290.83,4
8726,290.87,4
8727,290.90,4
8728,290.93,4
8729,290.97,4
8730,291.00,3
8731,291.03,3
8732,291.07,3
8733,291.10,3
8734,291.13,3
8735,291.17,3
8736,291.20,3
8737,291.23,3
8738,291.27,4
8739,291.30,3
8740,291.33,3
8741,291.37,3
8742,291.40,3
8743,291.43,3
8744,291.47,3
8745,291.50,3
8746,291.53,4
8747,291.57,4
8748,291.60,3
8749,291.63,3
8750,291.67,2
8751,291.70,3
8752,291.73,3
8753,291.77,3
8754,291.80,3
8755,291.83,3
8756,291.87,3
8757,291.90,4
8758,291.93,4
8759,291.97,4
8760,292.00,4
8761,292.03,4
8762,292.07,4
8763,292.10,4
8764,292.13,4
8765,292.17,4
8766,292.20,3
8767,292.23,3
8768,292.27,3
8769,292.30,3
8770,292.33,3
8771,292.37,3
8772,292.40,3
8773,292.43,3
8774,292.47,3
8775,292.50,3
8776,292.53,4
8777,292.57,4
8778,292.60,4
8779,292.63,4
8780,292.67,4
8781,292.70,4
8782,292.73,4
8783,292.77,4
8784,292.80,4
8785,292.83,4
8786,292.87,4
8787,292.90,4
8788,292.93,4
8789,292.97,4
8790,293.00,4
8791,293.03,4
8792,293.07,4
8793,293.10,4
8794,293.13,4
8795,293.17,4
8796,293.20,4
8797,293.23,4
8798,293.27,4
8799,293.30,4
8800,293.33,4
8801,293.37,4
8802,293.40,4
8803,293.43,4
8804,293.47,4
8805,293.50,4
8806,293.53,4
8807,293.57,4
8808,293.60,4
8809,293.63,4
8810,293.67,4
8811,293.70,4
8812,293.73,4
8813,293.77,4
8814,293.80,4
8815,293.83,4
8816,293.87,4
8817,293.90,4
8818,293.93,4
8819,293.97,4
8820,294.00,4
8821,294.03,4
8822,294.07,4
8823,294.10,4
8824,294.13,4
8825,294.17,3
8826,294.20,3
8827,294.23,3
8828,294.27,3
8829,294.30,3
8830,294.33,3
8831,294.37,3
8832,294.40,3
8833,294.43,3
8834,294.47,3
8835,294.50,3
8836,294.53,3
8837,294.57,3
8838,294.60,3
8839,294.63,3
8840,294.67,3
8841,294.70,3
8842,294.73,3
8843,294.77,3
8844,294.80,3
8845,294.83,3
8846,294.87,3
8847,294.90,3
8848,294.93,3
8849,294.97,3
8850,295.00,3
8851,295.03,3
8852,295.07,3
8853,295.10,3
8854,295.13,3
8855,295.17,3
8856,295.20,3
8857,295.23,3
8858,295.27,3
8859,295.30,3
8860,295.33,3
8861,295.37,3
8862,295.40,3
8863,295.43,3
8864,295.47,3
8865,295.50,3
8866,295.53,3
8867,295.57,3
8868,295.60,3
8869,295.63,3
8870,295.67,3
8871,295.70,3
8872,295.73,3
8873,295.77,3
8874,295.80,3
8875,295.83,3
8876,295.87,3
8877,295.90,3
8878,295.93,3
8879,295.97,3
8880,296.00,3
8881,296.03,3
8882,296.07,3
8883,296.10,3
8884,296.13,3
8885,296.17,3
8886,296.20,3
8887,296.23,3
8888,296.27,3
8889,296.30,3
8890,296.33,3
8891,296.37,3
8892,296.40,3
8893,296.43,3
8894,296.47,3
8895,296.50,3
8896,296.53,3
8897,296.57,3
8898,296.60,3
8899,296.63,3
8900,296.67,3
8901,296.70,3
8902,296.73,3
8903,296.77,2
8904,296.80,2
8905,296.83,2
8906,296.87,2
8907,296.90,2
8908,296.93,2
8909,296.97,2
8910,297.00,3
8911,297.03,3
8912,297.07,3
8913,297.10,3
8914,297.13,3
8915,297.17,3
8916,297.20,3
8917,297.23,3
8918,297.27,3
8919,297.30,4
8920,297.33,4
8921,297.37,4
8922,297.40,4
8923,297.43,4
8924,297.47,4
8925,297.50,3
8926,297.53,3
8927,297.57,3
8928,297.60,3
8929,297.63,3
8930,297.67,3
8931,297.70,3
8932,297.73,3
8933,297.77,2
8934,297.80,3
8935,297.83,3
8936,297.87,3
8937,297.90,3
8938,297.93,3
8939,297.97,3
8940,298.00,3
8941,298.03,3
8942,298.07,3
8943,298.10,3
8944,298.13,3
8945,298.17,3
8946,298.20,3
8947,298.23,3
8948,298.27,3
8949,298.30,3
8950,298.33,3
8951,298.37,3
8952,298.40,4
8953,298.43,4
8954,298.47,4
8955,298.50,4
8956,298.53,4
8957,298.57,4
8958,298.60,4
8959,298.63,4
8960,298.67,4
8961,298.70,5
8962,298.73,5
8963,298.77,4
8964,298.80,4
8965,298.83,4
8966,298.87,4
8967,298.90,4
8968,298.93,5
8969,298.97,5
8970,299.00,5
8971,299.03,5
8972,299.07,5
8973,299.10,5
8974,299.13,5
8975,299.17,5
8976,299.20,4
8977,299.23,4
8978,299.27,4
8979,299.30,4
8980,299.33,4
8981,299.37,4
8982,299.40,4
8983,299.43,4
8984,299.47,4
8985,299.50,3
8986,299.53,4
8987,299.57,4
8988,299.60,4
8989,299.63,4
8990,299.67,4
8991,299.70,4
8992,299.73,4
8993,299.77,4
8994,299.80,5
8995,299.83,5
8996,299.87,5
8997,299.90,5
8998,299.93,5
8999,299.97,5
9000,300.00,5
9001,300.03,5
9002,300.07,5
9003,300.10,4
9004,300.13,4
9005,300.17,4
9006,300.20,4
9007,300.23,4
9008,300.27,4
9009,300.30,4
9010,300.33,4
9011,300.37,4
9012,300.40,4
9013,300.43,4
9014,300.47,4
9015,300.50,4
9016,300.53,4
9017,300.57,4
9018,300.60,4
9019,300.63,4
9020,300.67,4
9021,300.70,4
9022,300.73,4
9023,300.77,4
9024,300.80,4
9025,300.83,4
9026,300.87,4
9027,300.90,4
9028,300.93,4
9029,300.97,4
9030,301.00,4
