Frame,Time (s),Object Count
0,0.00,4
1,0.03,4
2,0.07,4
3,0.10,4
4,0.13,4
5,0.17,4
6,0.20,4
7,0.23,4
8,0.27,4
9,0.30,4
10,0.33,4
11,0.37,4
12,0.40,4
13,0.43,4
14,0.47,4
15,0.50,4
16,0.53,4
17,0.57,4
18,0.60,4
19,0.63,4
20,0.67,4
21,0.70,4
22,0.73,4
23,0.77,4
24,0.80,4
25,0.83,4
26,0.87,4
27,0.90,4
28,0.93,4
29,0.97,4
30,1.00,4
31,1.03,4
32,1.07,4
33,1.10,4
34,1.13,4
35,1.17,4
36,1.20,4
37,1.23,4
38,1.27,4
39,1.30,4
40,1.33,4
41,1.37,4
42,1.40,4
43,1.43,4
44,1.47,4
45,1.50,4
46,1.53,4
47,1.57,4
48,1.60,4
49,1.63,4
50,1.67,4
51,1.70,4
52,1.73,4
53,1.77,4
54,1.80,4
55,1.83,4
56,1.87,4
57,1.90,4
58,1.93,4
59,1.97,4
60,2.00,4
61,2.03,4
62,2.07,4
63,2.10,4
64,2.13,4
65,2.17,4
66,2.20,4
67,2.23,4
68,2.27,4
69,2.30,4
70,2.33,4
71,2.37,4
72,2.40,4
73,2.43,4
74,2.47,4
75,2.50,4
76,2.53,4
77,2.57,4
78,2.60,4
79,2.63,4
80,2.67,4
81,2.70,4
82,2.73,4
83,2.77,4
84,2.80,4
85,2.83,4
86,2.87,4
87,2.90,4
88,2.93,4
89,2.97,4
90,3.00,4
91,3.03,4
92,3.07,4
93,3.10,4
94,3.13,4
95,3.17,4
96,3.20,4
97,3.23,4
98,3.27,4
99,3.30,4
100,3.33,4
101,3.37,4
102,3.40,4
103,3.43,4
104,3.47,4
105,3.50,4
106,3.53,4
107,3.57,4
108,3.60,4
109,3.63,4
110,3.67,4
111,3.70,4
112,3.73,4
113,3.77,4
114,3.80,4
115,3.83,4
116,3.87,4
117,3.90,4
118,3.93,4
119,3.97,4
120,4.00,4
121,4.03,4
122,4.07,4
123,4.10,4
124,4.13,4
125,4.17,4
126,4.20,4
127,4.23,4
128,4.27,4
129,4.30,4
130,4.33,4
131,4.37,4
132,4.40,4
133,4.43,4
134,4.47,4
135,4.50,4
136,4.53,4
137,4.57,4
138,4.60,4
139,4.63,4
140,4.67,4
141,4.70,4
142,4.73,4
143,4.77,4
144,4.80,4
145,4.83,4
146,4.87,4
147,4.90,4
148,4.93,4
149,4.97,4
150,5.00,4
151,5.03,4
152,5.07,4
153,5.10,4
154,5.13,4
155,5.17,4
156,5.20,4
157,5.23,4
158,5.27,4
159,5.30,4
160,5.33,4
161,5.37,4
162,5.40,4
163,5.43,4
164,5.47,4
165,5.50,4
166,5.53,4
167,5.57,4
168,5.60,4
169,5.63,4
170,5.67,4
171,5.70,4
172,5.73,4
173,5.77,4
174,5.80,4
175,5.83,4
176,5.87,4
177,5.90,4
178,5.93,5
179,5.97,5
180,6.00,5
181,6.03,5
182,6.07,5
183,6.10,5
184,6.13,5
185,6.17,5
186,6.20,6
187,6.23,6
188,6.27,6
189,6.30,6
190,6.33,6
191,6.37,6
192,6.40,6
193,6.43,5
194,6.47,5
195,6.50,5
196,6.53,5
197,6.57,5
198,6.60,4
199,6.63,4
200,6.67,4
201,6.70,4
202,6.73,4
203,6.77,4
204,6.80,4
205,6.83,4
206,6.87,4
207,6.90,4
208,6.93,4
209,6.97,4
210,7.00,4
211,7.03,4
212,7.07,4
213,7.10,4
214,7.13,4
215,7.17,4
216,7.20,4
217,7.23,4
218,7.27,4
219,7.30,4
220,7.33,4
221,7.37,4
222,7.40,4
223,7.43,4
224,7.47,4
225,7.50,4
226,7.53,4
227,7.57,4
228,7.60,4
229,7.63,4
230,7.67,4
231,7.70,4
232,7.73,4
233,7.77,4
234,7.80,4
235,7.83,4
236,7.87,4
237,7.90,4
238,7.93,4
239,7.97,4
240,8.00,4
241,8.03,5
242,8.07,5
243,8.10,5
244,8.13,5
245,8.17,5
246,8.20,4
247,8.23,4
248,8.27,4
249,8.30,4
250,8.33,5
251,8.37,5
252,8.40,5
253,8.43,4
254,8.47,4
255,8.50,4
256,8.53,4
257,8.57,4
258,8.60,3
259,8.63,5
260,8.67,5
261,8.70,5
262,8.73,5
263,8.77,4
264,8.80,3
265,8.83,3
266,8.87,3
267,8.90,3
268,8.93,3
269,8.97,3
270,9.00,4
271,9.03,3
272,9.07,3
273,9.10,3
274,9.13,3
275,9.17,3
276,9.20,4
277,9.23,3
278,9.27,3
279,9.30,3
280,9.33,3
281,9.37,3
282,9.40,4
283,9.43,4
284,9.47,4
285,9.50,4
286,9.53,4
287,9.57,4
288,9.60,4
289,9.63,4
290,9.67,4
291,9.70,4
292,9.73,5
293,9.77,4
294,9.80,4
295,9.83,5
296,9.87,5
297,9.90,5
298,9.93,4
299,9.97,4
300,10.00,4
301,10.03,4
302,10.07,4
303,10.10,4
304,10.13,4
305,10.17,4
306,10.20,4
307,10.23,4
308,10.27,4
309,10.30,4
310,10.33,4
311,10.37,4
312,10.40,4
313,10.43,4
314,10.47,4
315,10.50,4
316,10.53,5
317,10.57,5
318,10.60,4
319,10.63,4
320,10.67,4
321,10.70,4
322,10.73,3
323,10.77,3
324,10.80,3
325,10.83,4
326,10.87,4
327,10.90,4
328,10.93,5
329,10.97,5
330,11.00,5
331,11.03,5
332,11.07,5
333,11.10,5
334,11.13,5
335,11.17,5
336,11.20,5
337,11.23,4
338,11.27,4
339,11.30,4
340,11.33,4
341,11.37,4
342,11.40,4
343,11.43,5
344,11.47,5
345,11.50,5
346,11.53,5
347,11.57,5
348,11.60,4
349,11.63,4
350,11.67,4
351,11.70,4
352,11.73,4
353,11.77,4
354,11.80,4
355,11.83,4
356,11.87,4
357,11.90,4
358,11.93,4
359,11.97,4
360,12.00,4
361,12.03,4
362,12.07,4
363,12.10,4
364,12.13,5
365,12.17,5
366,12.20,5
367,12.23,5
368,12.27,5
369,12.30,5
370,12.33,5
371,12.37,5
372,12.40,4
373,12.43,5
374,12.47,5
375,12.50,5
376,12.53,6
377,12.57,6
378,12.60,4
379,12.63,4
380,12.67,4
381,12.70,4
382,12.73,4
383,12.77,4
384,12.80,4
385,12.83,4
386,12.87,4
387,12.90,4
388,12.93,4
389,12.97,4
390,13.00,4
391,13.03,4
392,13.07,4
393,13.10,4
394,13.13,4
395,13.17,4
396,13.20,4
397,13.23,4
398,13.27,4
399,13.30,4
400,13.33,4
401,13.37,4
402,13.40,3
403,13.43,3
404,13.47,3
405,13.50,4
406,13.53,4
407,13.57,4
408,13.60,4
409,13.63,4
410,13.67,4
411,13.70,4
412,13.73,4
413,13.77,4
414,13.80,4
415,13.83,4
416,13.87,4
417,13.90,4
418,13.93,4
419,13.97,4
420,14.00,3
421,14.03,3
422,14.07,3
423,14.10,3
424,14.13,3
425,14.17,3
426,14.20,3
427,14.23,3
428,14.27,3
429,14.30,3
430,14.33,3
431,14.37,3
432,14.40,3
433,14.43,3
434,14.47,3
435,14.50,3
436,14.53,4
437,14.57,4
438,14.60,4
439,14.63,4
440,14.67,4
441,14.70,4
442,14.73,4
443,14.77,4
444,14.80,4
445,14.83,4
446,14.87,4
447,14.90,4
448,14.93,4
449,14.97,4
450,15.00,5
451,15.03,5
452,15.07,5
453,15.10,5
454,15.13,5
455,15.17,5
456,15.20,6
457,15.23,6
458,15.27,6
459,15.30,6
460,15.33,4
461,15.37,4
462,15.40,5
463,15.43,5
464,15.47,5
465,15.50,7
466,15.53,7
467,15.57,7
468,15.60,6
469,15.63,6
470,15.67,6
471,15.70,6
472,15.73,4
473,15.77,4
474,15.80,3
475,15.83,3
476,15.87,3
477,15.90,4
478,15.93,4
479,15.97,4
480,16.00,4
481,16.03,4
482,16.07,4
483,16.10,4
484,16.13,4
485,16.17,4
486,16.20,4
487,16.23,4
488,16.27,4
489,16.30,3
490,16.33,3
491,16.37,3
492,16.40,3
493,16.43,3
494,16.47,3
495,16.50,3
496,16.53,3
497,16.57,3
498,16.60,3
499,16.63,3
500,16.67,3
501,16.70,3
502,16.73,3
503,16.77,3
504,16.80,3
505,16.83,3
506,16.87,3
507,16.90,4
508,16.93,4
509,16.97,4
510,17.00,5
511,17.03,5
512,17.07,5
513,17.10,5
514,17.13,5
515,17.17,5
516,17.20,5
517,17.23,5
518,17.27,5
519,17.30,5
520,17.33,6
521,17.37,6
522,17.40,6
523,17.43,6
524,17.47,6
525,17.50,5
526,17.53,4
527,17.57,4
528,17.60,5
529,17.63,5
530,17.67,5
531,17.70,5
532,17.73,5
533,17.77,5
534,17.80,5
535,17.83,5
536,17.87,5
537,17.90,5
538,17.93,5
539,17.97,5
540,18.00,5
541,18.03,5
542,18.07,5
543,18.10,5
544,18.13,5
545,18.17,5
546,18.20,4
547,18.23,4
548,18.27,4
549,18.30,4
550,18.33,4
551,18.37,4
552,18.40,4
553,18.43,4
554,18.47,4
555,18.50,5
556,18.53,4
557,18.57,4
558,18.60,5
559,18.63,6
560,18.67,6
561,18.70,5
562,18.73,5
563,18.77,5
564,18.80,4
565,18.83,4
566,18.87,4
567,18.90,4
568,18.93,4
569,18.97,4
570,19.00,5
571,19.03,5
572,19.07,5
573,19.10,5
574,19.13,5
575,19.17,5
576,19.20,5
577,19.23,5
578,19.27,5
579,19.30,5
580,19.33,4
581,19.37,4
582,19.40,4
583,19.43,4
584,19.47,4
585,19.50,5
586,19.53,4
587,19.57,4
588,19.60,4
589,19.63,4
590,19.67,4
591,19.70,4
592,19.73,4
593,19.77,4
594,19.80,4
595,19.83,4
596,19.87,4
597,19.90,4
598,19.93,4
599,19.97,4
600,20.00,4
601,20.03,4
602,20.07,4
603,20.10,4
604,20.13,4
605,20.17,4
606,20.20,4
607,20.23,4
608,20.27,4
609,20.30,4
610,20.33,4
611,20.37,4
612,20.40,4
613,20.43,4
614,20.47,4
615,20.50,4
616,20.53,4
617,20.57,4
618,20.60,4
619,20.63,4
620,20.67,4
621,20.70,4
622,20.73,4
623,20.77,4
624,20.80,4
625,20.83,4
626,20.87,4
627,20.90,4
628,20.93,5
629,20.97,5
630,21.00,5
631,21.03,5
632,21.07,5
633,21.10,5
634,21.13,5
635,21.17,5
636,21.20,6
637,21.23,6
638,21.27,6
639,21.30,5
640,21.33,5
641,21.37,5
642,21.40,4
643,21.43,4
644,21.47,4
645,21.50,4
646,21.53,4
647,21.57,4
648,21.60,4
649,21.63,4
650,21.67,4
651,21.70,4
652,21.73,4
653,21.77,4
654,21.80,4
655,21.83,4
656,21.87,4
657,21.90,4
658,21.93,3
659,21.97,3
660,22.00,3
661,22.03,3
662,22.07,3
663,22.10,4
664,22.13,4
665,22.17,4
666,22.20,4
667,22.23,4
668,22.27,4
669,22.30,3
670,22.33,4
671,22.37,4
672,22.40,5
673,22.43,5
674,22.47,5
675,22.50,5
676,22.53,5
677,22.57,5
678,22.60,4
679,22.63,4
680,22.67,4
681,22.70,5
682,22.73,5
683,22.77,5
684,22.80,4
685,22.83,4
686,22.87,4
687,22.90,4
688,22.93,4
689,22.97,4
690,23.00,4
691,23.03,4
692,23.07,4
693,23.10,4
694,23.13,4
695,23.17,4
696,23.20,4
697,23.23,4
698,23.27,4
699,23.30,4
700,23.33,4
701,23.37,4
702,23.40,4
703,23.43,4
704,23.47,4
705,23.50,4
706,23.53,4
707,23.57,4
708,23.60,5
709,23.63,5
710,23.67,5
711,23.70,5
712,23.73,5
713,23.77,5
714,23.80,5
715,23.83,5
716,23.87,5
717,23.90,5
718,23.93,5
719,23.97,5
720,24.00,5
721,24.03,5
722,24.07,5
723,24.10,5
724,24.13,5
725,24.17,5
726,24.20,5
727,24.23,5
728,24.27,5
729,24.30,5
730,24.33,4
731,24.37,4
732,24.40,4
733,24.43,4
734,24.47,4
735,24.50,5
736,24.53,5
737,24.57,5
738,24.60,5
739,24.63,5
740,24.67,5
741,24.70,5
742,24.73,5
743,24.77,5
744,24.80,5
745,24.83,5
746,24.87,5
747,24.90,5
748,24.93,5
749,24.97,5
750,25.00,5
751,25.03,5
752,25.07,5
753,25.10,5
754,25.13,5
755,25.17,5
756,25.20,5
757,25.23,5
758,25.27,5
759,25.30,5
760,25.33,5
761,25.37,5
762,25.40,5
763,25.43,5
764,25.47,5
765,25.50,5
766,25.53,5
767,25.57,5
768,25.60,5
769,25.63,5
770,25.67,5
771,25.70,5
772,25.73,5
773,25.77,5
774,25.80,6
775,25.83,6
776,25.87,6
777,25.90,5
778,25.93,6
779,25.97,6
780,26.00,6
781,26.03,6
782,26.07,6
783,26.10,5
784,26.13,5
785,26.17,5
786,26.20,5
787,26.23,5
788,26.27,5
789,26.30,5
790,26.33,5
791,26.37,5
792,26.40,5
793,26.43,5
794,26.47,5
795,26.50,5
796,26.53,5
797,26.57,5
798,26.60,5
799,26.63,5
800,26.67,5
801,26.70,5
802,26.73,6
803,26.77,6
804,26.80,6
805,26.83,6
806,26.87,6
807,26.90,5
808,26.93,5
809,26.97,5
810,27.00,6
811,27.03,6
812,27.07,6
813,27.10,6
814,27.13,5
815,27.17,5
816,27.20,5
817,27.23,5
818,27.27,5
819,27.30,4
820,27.33,3
821,27.37,3
822,27.40,3
823,27.43,3
824,27.47,3
825,27.50,4
826,27.53,5
827,27.57,5
828,27.60,4
829,27.63,4
830,27.67,4
831,27.70,4
832,27.73,5
833,27.77,5
834,27.80,5
835,27.83,5
836,27.87,5
837,27.90,4
838,27.93,4
839,27.97,4
840,28.00,4
841,28.03,4
842,28.07,3
843,28.10,4
844,28.13,4
845,28.17,4
846,28.20,4
847,28.23,4
848,28.27,4
849,28.30,4
850,28.33,4
851,28.37,4
852,28.40,4
853,28.43,4
854,28.47,4
855,28.50,4
856,28.53,4
857,28.57,4
858,28.60,4
859,28.63,4
860,28.67,4
861,28.70,4
862,28.73,4
863,28.77,4
864,28.80,5
865,28.83,5
866,28.87,5
867,28.90,4
868,28.93,5
869,28.97,5
870,29.00,4
871,29.03,4
872,29.07,4
873,29.10,4
874,29.13,4
875,29.17,4
876,29.20,4
877,29.23,4
878,29.27,4
879,29.30,4
880,29.33,4
881,29.37,4
882,29.40,6
883,29.43,6
884,29.47,6
885,29.50,5
886,29.53,5
887,29.57,5
888,29.60,5
889,29.63,5
890,29.67,5
891,29.70,5
892,29.73,5
893,29.77,5
894,29.80,6
895,29.83,6
896,29.87,6
897,29.90,6
898,29.93,5
899,29.97,5
900,30.00,4
901,30.03,4
902,30.07,4
903,30.10,4
904,30.13,5
905,30.17,5
906,30.20,4
907,30.23,4
908,30.27,4
909,30.30,4
910,30.33,4
911,30.37,4
912,30.40,4
913,30.43,4
914,30.47,4
915,30.50,4
916,30.53,4
917,30.57,4
918,30.60,4
919,30.63,4
920,30.67,4
921,30.70,4
922,30.73,5
923,30.77,5
924,30.80,4
925,30.83,4
926,30.87,4
927,30.90,5
928,30.93,4
929,30.97,4
930,31.00,4
931,31.03,4
932,31.07,4
933,31.10,4
934,31.13,4
935,31.17,4
936,31.20,4
937,31.23,4
938,31.27,4
939,31.30,4
940,31.33,4
941,31.37,4
942,31.40,5
943,31.43,5
944,31.47,5
945,31.50,3
946,31.53,3
947,31.57,3
948,31.60,4
949,31.63,4
950,31.67,4
951,31.70,3
952,31.73,3
953,31.77,3
954,31.80,3
955,31.83,3
956,31.87,3
957,31.90,4
958,31.93,4
959,31.97,4
960,32.00,3
961,32.03,3
962,32.07,3
963,32.10,3
964,32.13,3
965,32.17,3
966,32.20,3
967,32.23,3
968,32.27,3
969,32.30,3
970,32.33,3
971,32.37,3
972,32.40,4
973,32.43,4
974,32.47,4
975,32.50,3
976,32.53,3
977,32.57,3
978,32.60,3
979,32.63,3
980,32.67,3
981,32.70,3
982,32.73,3
983,32.77,3
984,32.80,4
985,32.83,4
986,32.87,4
987,32.90,4
988,32.93,4
989,32.97,4
990,33.00,4
991,33.03,4
992,33.07,4
993,33.10,4
994,33.13,4
995,33.17,4
996,33.20,4
997,33.23,4
998,33.27,4
999,33.30,4
1000,33.33,3
1001,33.37,3
1002,33.40,4
1003,33.43,4
1004,33.47,3
1005,33.50,3
1006,33.53,3
1007,33.57,3
1008,33.60,4
1009,33.63,4
1010,33.67,4
1011,33.70,4
1012,33.73,3
1013,33.77,3
1014,33.80,3
1015,33.83,3
1016,33.87,3
1017,33.90,3
1018,33.93,3
1019,33.97,3
1020,34.00,3
1021,34.03,3
1022,34.07,3
1023,34.10,3
1024,34.13,3
1025,34.17,3
1026,34.20,3
1027,34.23,3
1028,34.27,3
1029,34.30,3
1030,34.33,3
1031,34.37,3
1032,34.40,3
1033,34.43,3
1034,34.47,3
1035,34.50,3
1036,34.53,3
1037,34.57,3
1038,34.60,3
1039,34.63,3
1040,34.67,3
1041,34.70,3
1042,34.73,3
1043,34.77,3
1044,34.80,3
1045,34.83,3
1046,34.87,3
1047,34.90,3
1048,34.93,3
1049,34.97,3
1050,35.00,3
1051,35.03,3
1052,35.07,3
1053,35.10,3
1054,35.13,3
1055,35.17,3
1056,35.20,3
1057,35.23,3
1058,35.27,3
1059,35.30,3
1060,35.33,3
1061,35.37,3
1062,35.40,3
1063,35.43,3
1064,35.47,3
1065,35.50,3
1066,35.53,3
1067,35.57,3
1068,35.60,3
1069,35.63,3
1070,35.67,3
1071,35.70,3
1072,35.73,3
1073,35.77,3
1074,35.80,3
1075,35.83,3
1076,35.87,3
1077,35.90,3
1078,35.93,3
1079,35.97,3
1080,36.00,3
1081,36.03,3
1082,36.07,3
1083,36.10,3
1084,36.13,3
1085,36.17,3
1086,36.20,3
1087,36.23,3
1088,36.27,3
1089,36.30,3
1090,36.33,3
1091,36.37,3
1092,36.40,3
1093,36.43,3
1094,36.47,3
1095,36.50,3
1096,36.53,3
1097,36.57,3
1098,36.60,3
1099,36.63,3
1100,36.67,3
1101,36.70,3
1102,36.73,3
1103,36.77,3
1104,36.80,3
1105,36.83,3
1106,36.87,3
1107,36.90,3
1108,36.93,3
1109,36.97,3
1110,37.00,3
1111,37.03,3
1112,37.07,3
1113,37.10,3
1114,37.13,3
1115,37.17,3
1116,37.20,3
1117,37.23,3
1118,37.27,3
1119,37.30,4
1120,37.33,5
1121,37.37,5
1122,37.40,5
1123,37.43,5
1124,37.47,5
1125,37.50,3
1126,37.53,3
1127,37.57,3
1128,37.60,3
1129,37.63,3
1130,37.67,3
1131,37.70,3
1132,37.73,3
1133,37.77,3
1134,37.80,3
1135,37.83,3
1136,37.87,3
1137,37.90,3
1138,37.93,3
1139,37.97,3
1140,38.00,3
1141,38.03,3
1142,38.07,3
1143,38.10,3
1144,38.13,3
1145,38.17,3
1146,38.20,3
1147,38.23,3
1148,38.27,3
1149,38.30,3
1150,38.33,3
1151,38.37,3
1152,38.40,3
1153,38.43,3
1154,38.47,3
1155,38.50,3
1156,38.53,3
1157,38.57,3
1158,38.60,3
1159,38.63,3
1160,38.67,3
1161,38.70,3
1162,38.73,3
1163,38.77,3
1164,38.80,3
1165,38.83,3
1166,38.87,3
1167,38.90,3
1168,38.93,3
1169,38.97,3
1170,39.00,3
1171,39.03,3
1172,39.07,3
1173,39.10,4
1174,39.13,4
1175,39.17,4
1176,39.20,4
1177,39.23,4
1178,39.27,4
1179,39.30,4
1180,39.33,4
1181,39.37,4
1182,39.40,4
1183,39.43,4
1184,39.47,4
1185,39.50,4
1186,39.53,4
1187,39.57,4
1188,39.60,4
1189,39.63,4
1190,39.67,4
1191,39.70,4
1192,39.73,4
1193,39.77,4
1194,39.80,4
1195,39.83,4
1196,39.87,4
1197,39.90,4
1198,39.93,4
1199,39.97,4
1200,40.00,4
1201,40.03,4
1202,40.07,4
1203,40.10,3
1204,40.13,3
1205,40.17,3
1206,40.20,3
1207,40.23,3
1208,40.27,3
1209,40.30,4
1210,40.33,3
1211,40.37,3
1212,40.40,3
1213,40.43,3
1214,40.47,3
1215,40.50,3
1216,40.53,3
1217,40.57,3
1218,40.60,3
1219,40.63,4
1220,40.67,4
1221,40.70,4
1222,40.73,3
1223,40.77,3
1224,40.80,3
1225,40.83,3
1226,40.87,3
1227,40.90,3
1228,40.93,3
1229,40.97,3
1230,41.00,3
1231,41.03,4
1232,41.07,4
1233,41.10,3
1234,41.13,3
1235,41.17,3
1236,41.20,3
1237,41.23,4
1238,41.27,4
1239,41.30,4
1240,41.33,4
1241,41.37,4
1242,41.40,4
1243,41.43,4
1244,41.47,4
1245,41.50,4
1246,41.53,4
1247,41.57,4
1248,41.60,4
1249,41.63,4
1250,41.67,4
1251,41.70,4
1252,41.73,4
1253,41.77,4
1254,41.80,4
1255,41.83,4
1256,41.87,4
1257,41.90,4
1258,41.93,4
1259,41.97,4
1260,42.00,4
1261,42.03,4
1262,42.07,4
1263,42.10,4
1264,42.13,4
1265,42.17,4
1266,42.20,4
1267,42.23,4
1268,42.27,4
1269,42.30,4
1270,42.33,4
1271,42.37,4
1272,42.40,4
1273,42.43,4
1274,42.47,4
1275,42.50,4
1276,42.53,4
1277,42.57,4
1278,42.60,4
1279,42.63,4
1280,42.67,4
1281,42.70,4
1282,42.73,4
1283,42.77,4
1284,42.80,4
1285,42.83,3
1286,42.87,4
1287,42.90,4
1288,42.93,4
1289,42.97,4
1290,43.00,4
1291,43.03,4
1292,43.07,4
1293,43.10,4
1294,43.13,4
1295,43.17,4
1296,43.20,4
1297,43.23,4
1298,43.27,4
1299,43.30,4
1300,43.33,4
1301,43.37,4
1302,43.40,4
1303,43.43,4
1304,43.47,4
1305,43.50,4
1306,43.53,4
1307,43.57,4
1308,43.60,4
1309,43.63,5
1310,43.67,5
1311,43.70,5
1312,43.73,5
1313,43.77,5
1314,43.80,5
1315,43.83,5
1316,43.87,5
1317,43.90,5
1318,43.93,4
1319,43.97,4
1320,44.00,4
1321,44.03,3
1322,44.07,3
1323,44.10,3
1324,44.13,2
1325,44.17,2
1326,44.20,2
1327,44.23,3
1328,44.27,3
1329,44.30,3
1330,44.33,3
1331,44.37,3
1332,44.40,3
1333,44.43,3
1334,44.47,3
1335,44.50,3
1336,44.53,3
1337,44.57,3
1338,44.60,3
1339,44.63,3
1340,44.67,3
1341,44.70,3
1342,44.73,4
1343,44.77,4
1344,44.80,4
1345,44.83,5
1346,44.87,5
1347,44.90,4
1348,44.93,4
1349,44.97,4
1350,45.00,4
1351,45.03,4
1352,45.07,4
1353,45.10,3
1354,45.13,3
1355,45.17,3
1356,45.20,3
1357,45.23,3
1358,45.27,3
1359,45.30,3
1360,45.33,3
1361,45.37,3
1362,45.40,3
1363,45.43,2
1364,45.47,2
1365,45.50,3
1366,45.53,3
1367,45.57,3
1368,45.60,3
1369,45.63,4
1370,45.67,4
1371,45.70,4
1372,45.73,4
1373,45.77,4
1374,45.80,4
1375,45.83,4
1376,45.87,4
1377,45.90,4
1378,45.93,3
1379,45.97,3
1380,46.00,3
1381,46.03,3
1382,46.07,4
1383,46.10,4
1384,46.13,4
1385,46.17,4
1386,46.20,4
1387,46.23,4
1388,46.27,4
1389,46.30,4
1390,46.33,4
1391,46.37,4
1392,46.40,4
1393,46.43,3
1394,46.47,3
1395,46.50,3
1396,46.53,3
1397,46.57,3
1398,46.60,3
1399,46.63,3
1400,46.67,3
1401,46.70,4
1402,46.73,4
1403,46.77,4
1404,46.80,4
1405,46.83,4
1406,46.87,4
1407,46.90,4
1408,46.93,4
1409,46.97,4
1410,47.00,4
1411,47.03,4
1412,47.07,4
1413,47.10,4
1414,47.13,4
1415,47.17,4
1416,47.20,4
1417,47.23,4
1418,47.27,4
1419,47.30,4
1420,47.33,4
1421,47.37,4
1422,47.40,4
1423,47.43,4
1424,47.47,4
1425,47.50,4
1426,47.53,4
1427,47.57,4
1428,47.60,4
1429,47.63,4
1430,47.67,4
1431,47.70,4
1432,47.73,4
1433,47.77,4
1434,47.80,4
1435,47.83,4
1436,47.87,4
1437,47.90,4
1438,47.93,4
1439,47.97,4
1440,48.00,4
1441,48.03,4
1442,48.07,4
1443,48.10,4
1444,48.13,4
1445,48.17,4
1446,48.20,4
1447,48.23,4
1448,48.27,4
1449,48.30,4
1450,48.33,4
1451,48.37,4
1452,48.40,4
1453,48.43,4
1454,48.47,4
1455,48.50,4
1456,48.53,4
1457,48.57,4
1458,48.60,4
1459,48.63,4
1460,48.67,4
1461,48.70,4
1462,48.73,4
1463,48.77,4
1464,48.80,4
1465,48.83,4
1466,48.87,4
1467,48.90,4
1468,48.93,4
1469,48.97,4
1470,49.00,4
1471,49.03,3
1472,49.07,3
1473,49.10,3
1474,49.13,3
1475,49.17,3
1476,49.20,3
1477,49.23,3
1478,49.27,3
1479,49.30,3
1480,49.33,3
1481,49.37,3
1482,49.40,3
1483,49.43,3
1484,49.47,3
1485,49.50,3
1486,49.53,3
1487,49.57,3
1488,49.60,3
1489,49.63,3
1490,49.67,3
1491,49.70,3
1492,49.73,3
1493,49.77,3
1494,49.80,3
1495,49.83,3
1496,49.87,3
1497,49.90,3
1498,49.93,3
1499,49.97,3
1500,50.00,3
1501,50.03,3
1502,50.07,3
1503,50.10,3
1504,50.13,3
1505,50.17,3
1506,50.20,3
1507,50.23,3
1508,50.27,3
1509,50.30,3
1510,50.33,3
1511,50.37,3
1512,50.40,3
1513,50.43,3
1514,50.47,3
1515,50.50,4
1516,50.53,3
1517,50.57,3
1518,50.60,3
1519,50.63,3
1520,50.67,3
1521,50.70,3
1522,50.73,3
1523,50.77,3
1524,50.80,3
1525,50.83,3
1526,50.87,3
1527,50.90,3
1528,50.93,3
1529,50.97,3
1530,51.00,3
1531,51.03,3
1532,51.07,3
1533,51.10,3
1534,51.13,3
1535,51.17,3
1536,51.20,3
1537,51.23,3
1538,51.27,3
1539,51.30,3
1540,51.33,3
1541,51.37,3
1542,51.40,3
1543,51.43,3
1544,51.47,3
1545,51.50,3
1546,51.53,3
1547,51.57,3
1548,51.60,3
1549,51.63,3
1550,51.67,3
1551,51.70,3
1552,51.73,3
1553,51.77,3
1554,51.80,3
1555,51.83,3
1556,51.87,3
1557,51.90,3
1558,51.93,3
1559,51.97,3
1560,52.00,3
1561,52.03,4
1562,52.07,4
1563,52.10,4
1564,52.13,4
1565,52.17,4
1566,52.20,4
1567,52.23,4
1568,52.27,4
1569,52.30,4
1570,52.33,4
1571,52.37,4
1572,52.40,4
1573,52.43,4
1574,52.47,4
1575,52.50,4
1576,52.53,4
1577,52.57,4
1578,52.60,4
1579,52.63,3
1580,52.67,3
1581,52.70,3
1582,52.73,3
1583,52.77,3
1584,52.80,3
1585,52.83,3
1586,52.87,3
1587,52.90,3
1588,52.93,3
1589,52.97,3
1590,53.00,3
1591,53.03,3
1592,53.07,3
1593,53.10,3
1594,53.13,3
1595,53.17,3
1596,53.20,3
1597,53.23,3
1598,53.27,3
1599,53.30,3
1600,53.33,3
1601,53.37,3
1602,53.40,3
1603,53.43,3
1604,53.47,3
1605,53.50,3
1606,53.53,3
1607,53.57,3
1608,53.60,3
1609,53.63,3
1610,53.67,3
1611,53.70,3
1612,53.73,3
1613,53.77,3
1614,53.80,3
1615,53.83,3
1616,53.87,3
1617,53.90,4
1618,53.93,5
1619,53.97,5
1620,54.00,5
1621,54.03,5
1622,54.07,4
1623,54.10,5
1624,54.13,5
1625,54.17,5
1626,54.20,5
1627,54.23,5
1628,54.27,5
1629,54.30,5
1630,54.33,5
1631,54.37,5
1632,54.40,5
1633,54.43,5
1634,54.47,5
1635,54.50,4
1636,54.53,4
1637,54.57,4
1638,54.60,4
1639,54.63,4
1640,54.67,4
1641,54.70,4
1642,54.73,4
1643,54.77,4
1644,54.80,4
1645,54.83,4
1646,54.87,4
1647,54.90,4
1648,54.93,4
1649,54.97,4
1650,55.00,4
1651,55.03,3
1652,55.07,3
1653,55.10,4
1654,55.13,4
1655,55.17,4
1656,55.20,4
1657,55.23,3
1658,55.27,3
1659,55.30,3
1660,55.33,3
1661,55.37,3
1662,55.40,3
1663,55.43,3
1664,55.47,3
1665,55.50,3
1666,55.53,2
1667,55.57,2
1668,55.60,2
1669,55.63,4
1670,55.67,4
1671,55.70,3
1672,55.73,3
1673,55.77,3
1674,55.80,3
1675,55.83,3
1676,55.87,3
1677,55.90,3
1678,55.93,3
1679,55.97,3
1680,56.00,3
1681,56.03,2
1682,56.07,2
1683,56.10,4
1684,56.13,3
1685,56.17,3
1686,56.20,3
1687,56.23,2
1688,56.27,2
1689,56.30,3
1690,56.33,2
1691,56.37,2
1692,56.40,2
1693,56.43,2
1694,56.47,2
1695,56.50,3
1696,56.53,3
1697,56.57,3
1698,56.60,3
1699,56.63,3
1700,56.67,3
1701,56.70,4
1702,56.73,4
1703,56.77,4
1704,56.80,4
1705,56.83,4
1706,56.87,4
1707,56.90,4
1708,56.93,4
1709,56.97,4
1710,57.00,4
1711,57.03,3
1712,57.07,3
1713,57.10,4
1714,57.13,4
1715,57.17,4
1716,57.20,4
1717,57.23,3
1718,57.27,3
1719,57.30,4
1720,57.33,4
1721,57.37,4
1722,57.40,4
1723,57.43,4
1724,57.47,4
1725,57.50,4
1726,57.53,4
1727,57.57,4
1728,57.60,4
1729,57.63,4
1730,57.67,4
1731,57.70,3
1732,57.73,5
1733,57.77,5
1734,57.80,5
1735,57.83,3
1736,57.87,3
1737,57.90,3
1738,57.93,3
1739,57.97,3
1740,58.00,3
1741,58.03,4
1742,58.07,3
1743,58.10,3
1744,58.13,4
1745,58.17,4
1746,58.20,4
1747,58.23,3
1748,58.27,3
1749,58.30,3
1750,58.33,4
1751,58.37,3
1752,58.40,3
1753,58.43,3
1754,58.47,3
1755,58.50,3
1756,58.53,3
1757,58.57,3
1758,58.60,3
1759,58.63,3
1760,58.67,3
1761,58.70,3
1762,58.73,3
1763,58.77,3
1764,58.80,3
1765,58.83,3
1766,58.87,3
1767,58.90,3
1768,58.93,3
1769,58.97,3
1770,59.00,3
1771,59.03,3
1772,59.07,3
1773,59.10,3
1774,59.13,3
1775,59.17,3
1776,59.20,3
1777,59.23,3
1778,59.27,3
1779,59.30,3
1780,59.33,3
1781,59.37,3
1782,59.40,3
1783,59.43,3
1784,59.47,3
1785,59.50,3
1786,59.53,4
1787,59.57,4
1788,59.60,4
1789,59.63,3
1790,59.67,3
1791,59.70,4
1792,59.73,3
1793,59.77,3
1794,59.80,3
1795,59.83,3
1796,59.87,3
1797,59.90,3
1798,59.93,3
1799,59.97,3
1800,60.00,3
1801,60.03,4
1802,60.07,3
1803,60.10,4
1804,60.13,4
1805,60.17,4
1806,60.20,4
1807,60.23,3
1808,60.27,4
1809,60.30,3
1810,60.33,3
1811,60.37,3
1812,60.40,3
1813,60.43,3
1814,60.47,3
1815,60.50,3
1816,60.53,3
1817,60.57,3
1818,60.60,3
1819,60.63,3
1820,60.67,3
1821,60.70,3
1822,60.73,3
1823,60.77,3
1824,60.80,3
1825,60.83,3
1826,60.87,3
1827,60.90,3
1828,60.93,3
1829,60.97,3
1830,61.00,3
1831,61.03,3
1832,61.07,3
1833,61.10,3
1834,61.13,3
1835,61.17,3
1836,61.20,3
1837,61.23,3
1838,61.27,3
1839,61.30,3
1840,61.33,3
1841,61.37,3
1842,61.40,3
1843,61.43,3
1844,61.47,3
1845,61.50,3
1846,61.53,3
1847,61.57,3
1848,61.60,3
1849,61.63,3
1850,61.67,3
1851,61.70,3
1852,61.73,3
1853,61.77,3
1854,61.80,3
1855,61.83,3
1856,61.87,3
1857,61.90,3
1858,61.93,3
1859,61.97,3
1860,62.00,3
1861,62.03,3
1862,62.07,3
1863,62.10,3
1864,62.13,3
1865,62.17,3
1866,62.20,3
1867,62.23,5
1868,62.27,5
1869,62.30,4
1870,62.33,4
1871,62.37,4
1872,62.40,4
1873,62.43,3
1874,62.47,3
1875,62.50,4
1876,62.53,4
1877,62.57,4
1878,62.60,4
1879,62.63,3
1880,62.67,3
1881,62.70,3
1882,62.73,3
1883,62.77,3
1884,62.80,3
1885,62.83,3
1886,62.87,3
1887,62.90,3
1888,62.93,3
1889,62.97,3
1890,63.00,3
1891,63.03,3
1892,63.07,3
1893,63.10,3
1894,63.13,3
1895,63.17,3
1896,63.20,3
1897,63.23,3
1898,63.27,3
1899,63.30,3
1900,63.33,3
1901,63.37,3
1902,63.40,3
1903,63.43,3
1904,63.47,3
1905,63.50,3
1906,63.53,3
1907,63.57,3
1908,63.60,3
1909,63.63,3
1910,63.67,3
1911,63.70,3
1912,63.73,3
1913,63.77,3
1914,63.80,3
1915,63.83,3
1916,63.87,3
1917,63.90,3
1918,63.93,3
1919,63.97,3
1920,64.00,3
1921,64.03,3
1922,64.07,3
1923,64.10,3
1924,64.13,3
1925,64.17,3
1926,64.20,3
1927,64.23,3
1928,64.27,3
1929,64.30,3
1930,64.33,3
1931,64.37,3
1932,64.40,3
1933,64.43,3
1934,64.47,3
1935,64.50,3
1936,64.53,3
1937,64.57,3
1938,64.60,3
1939,64.63,3
1940,64.67,3
1941,64.70,3
1942,64.73,4
1943,64.77,4
1944,64.80,4
1945,64.83,3
1946,64.87,3
1947,64.90,3
1948,64.93,3
1949,64.97,3
1950,65.00,3
1951,65.03,3
1952,65.07,3
1953,65.10,3
1954,65.13,3
1955,65.17,3
1956,65.20,3
1957,65.23,3
1958,65.27,3
1959,65.30,3
1960,65.33,3
1961,65.37,3
1962,65.40,3
1963,65.43,3
1964,65.47,3
1965,65.50,3
1966,65.53,3
1967,65.57,3
1968,65.60,3
1969,65.63,3
1970,65.67,3
1971,65.70,3
1972,65.73,3
1973,65.77,3
1974,65.80,3
1975,65.83,3
1976,65.87,3
1977,65.90,3
1978,65.93,3
1979,65.97,3
1980,66.00,3
1981,66.03,3
1982,66.07,3
1983,66.10,3
1984,66.13,3
1985,66.17,3
1986,66.20,3
1987,66.23,3
1988,66.27,3
1989,66.30,3
1990,66.33,3
1991,66.37,3
1992,66.40,3
1993,66.43,3
1994,66.47,3
1995,66.50,3
1996,66.53,3
1997,66.57,3
1998,66.60,3
1999,66.63,3
2000,66.67,3
2001,66.70,3
2002,66.73,3
2003,66.77,3
2004,66.80,3
2005,66.83,3
2006,66.87,3
2007,66.90,3
2008,66.93,3
2009,66.97,3
2010,67.00,3
2011,67.03,3
2012,67.07,3
2013,67.10,3
2014,67.13,3
2015,67.17,3
2016,67.20,3
2017,67.23,3
2018,67.27,3
2019,67.30,3
2020,67.33,3
2021,67.37,3
2022,67.40,3
2023,67.43,3
2024,67.47,3
2025,67.50,3
2026,67.53,3
2027,67.57,3
2028,67.60,3
2029,67.63,3
2030,67.67,3
2031,67.70,3
2032,67.73,3
2033,67.77,3
2034,67.80,3
2035,67.83,3
2036,67.87,3
2037,67.90,3
2038,67.93,3
2039,67.97,3
2040,68.00,3
2041,68.03,3
2042,68.07,3
2043,68.10,3
2044,68.13,3
2045,68.17,3
2046,68.20,3
2047,68.23,3
2048,68.27,3
2049,68.30,3
2050,68.33,3
2051,68.37,3
2052,68.40,3
2053,68.43,3
2054,68.47,3
2055,68.50,4
2056,68.53,3
2057,68.57,3
2058,68.60,3
2059,68.63,3
2060,68.67,3
2061,68.70,3
2062,68.73,3
2063,68.77,3
2064,68.80,3
2065,68.83,3
2066,68.87,3
2067,68.90,3
2068,68.93,3
2069,68.97,3
2070,69.00,3
2071,69.03,3
2072,69.07,3
2073,69.10,3
2074,69.13,3
2075,69.17,3
2076,69.20,3
2077,69.23,3
2078,69.27,3
2079,69.30,3
2080,69.33,3
2081,69.37,3
2082,69.40,3
2083,69.43,3
2084,69.47,3
2085,69.50,3
2086,69.53,3
2087,69.57,3
2088,69.60,3
2089,69.63,3
2090,69.67,3
2091,69.70,3
2092,69.73,3
2093,69.77,3
2094,69.80,3
2095,69.83,3
2096,69.87,3
2097,69.90,3
2098,69.93,3
2099,69.97,3
2100,70.00,3
2101,70.03,3
2102,70.07,3
2103,70.10,3
2104,70.13,3
2105,70.17,3
2106,70.20,3
2107,70.23,3
2108,70.27,3
2109,70.30,3
2110,70.33,3
2111,70.37,3
2112,70.40,3
2113,70.43,3
2114,70.47,3
2115,70.50,3
2116,70.53,3
2117,70.57,3
2118,70.60,3
2119,70.63,3
2120,70.67,3
2121,70.70,3
2122,70.73,3
2123,70.77,3
2124,70.80,3
2125,70.83,3
2126,70.87,3
2127,70.90,3
2128,70.93,3
2129,70.97,3
2130,71.00,3
2131,71.03,3
2132,71.07,3
2133,71.10,3
2134,71.13,3
2135,71.17,3
2136,71.20,3
2137,71.23,3
2138,71.27,3
2139,71.30,3
2140,71.33,3
2141,71.37,3
2142,71.40,3
2143,71.43,3
2144,71.47,3
2145,71.50,3
2146,71.53,3
2147,71.57,3
2148,71.60,3
2149,71.63,3
2150,71.67,3
2151,71.70,4
2152,71.73,3
2153,71.77,3
2154,71.80,3
2155,71.83,3
2156,71.87,3
2157,71.90,3
2158,71.93,3
2159,71.97,3
2160,72.00,3
2161,72.03,3
2162,72.07,3
2163,72.10,3
2164,72.13,3
2165,72.17,3
2166,72.20,3
2167,72.23,3
2168,72.27,3
2169,72.30,3
2170,72.33,3
2171,72.37,3
2172,72.40,3
2173,72.43,3
2174,72.47,3
2175,72.50,3
2176,72.53,3
2177,72.57,3
2178,72.60,3
2179,72.63,3
2180,72.67,3
2181,72.70,3
2182,72.73,3
2183,72.77,3
2184,72.80,3
2185,72.83,3
2186,72.87,3
2187,72.90,4
2188,72.93,5
2189,72.97,5
2190,73.00,5
2191,73.03,5
2192,73.07,5
2193,73.10,5
2194,73.13,5
2195,73.17,5
2196,73.20,5
2197,73.23,5
2198,73.27,5
2199,73.30,7
2200,73.33,5
2201,73.37,5
2202,73.40,5
2203,73.43,5
2204,73.47,5
2205,73.50,5
2206,73.53,5
2207,73.57,5
2208,73.60,5
2209,73.63,5
2210,73.67,5
2211,73.70,5
2212,73.73,5
2213,73.77,5
2214,73.80,5
2215,73.83,5
2216,73.87,5
2217,73.90,4
2218,73.93,5
2219,73.97,5
2220,74.00,5
2221,74.03,5
2222,74.07,5
2223,74.10,4
2224,74.13,4
2225,74.17,4
2226,74.20,4
2227,74.23,5
2228,74.27,5
2229,74.30,5
2230,74.33,6
2231,74.37,5
2232,74.40,6
2233,74.43,5
2234,74.47,5
2235,74.50,5
2236,74.53,4
2237,74.57,4
2238,74.60,4
2239,74.63,5
2240,74.67,5
2241,74.70,5
2242,74.73,5
2243,74.77,5
2244,74.80,5
2245,74.83,5
2246,74.87,5
2247,74.90,4
2248,74.93,4
2249,74.97,4
2250,75.00,4
2251,75.03,4
2252,75.07,4
2253,75.10,4
2254,75.13,4
2255,75.17,4
2256,75.20,4
2257,75.23,4
2258,75.27,4
2259,75.30,3
2260,75.33,4
2261,75.37,4
2262,75.40,4
2263,75.43,3
2264,75.47,3
2265,75.50,3
2266,75.53,3
2267,75.57,3
2268,75.60,3
2269,75.63,3
2270,75.67,3
2271,75.70,4
2272,75.73,4
2273,75.77,4
2274,75.80,4
2275,75.83,4
2276,75.87,4
2277,75.90,4
2278,75.93,4
2279,75.97,4
2280,76.00,4
2281,76.03,4
2282,76.07,4
2283,76.10,4
2284,76.13,4
2285,76.17,4
2286,76.20,4
2287,76.23,3
2288,76.27,3
2289,76.30,3
2290,76.33,3
2291,76.37,3
2292,76.40,3
2293,76.43,3
2294,76.47,3
2295,76.50,3
2296,76.53,3
2297,76.57,3
2298,76.60,3
2299,76.63,4
2300,76.67,4
2301,76.70,4
2302,76.73,4
2303,76.77,4
2304,76.80,4
2305,76.83,4
2306,76.87,4
2307,76.90,4
2308,76.93,4
2309,76.97,4
2310,77.00,4
2311,77.03,4
2312,77.07,4
2313,77.10,4
2314,77.13,4
2315,77.17,4
2316,77.20,4
2317,77.23,5
2318,77.27,5
2319,77.30,5
2320,77.33,3
2321,77.37,3
2322,77.40,3
2323,77.43,3
2324,77.47,3
2325,77.50,3
2326,77.53,3
2327,77.57,3
2328,77.60,3
2329,77.63,3
2330,77.67,3
2331,77.70,3
2332,77.73,4
2333,77.77,4
2334,77.80,4
2335,77.83,3
2336,77.87,3
2337,77.90,3
2338,77.93,4
2339,77.97,4
2340,78.00,4
2341,78.03,4
2342,78.07,4
2343,78.10,3
2344,78.13,3
2345,78.17,3
2346,78.20,3
2347,78.23,3
2348,78.27,3
2349,78.30,3
2350,78.33,3
2351,78.37,3
2352,78.40,3
2353,78.43,3
2354,78.47,3
2355,78.50,3
2356,78.53,3
2357,78.57,3
2358,78.60,3
2359,78.63,3
2360,78.67,3
2361,78.70,3
2362,78.73,3
2363,78.77,3
2364,78.80,3
2365,78.83,3
2366,78.87,3
2367,78.90,3
2368,78.93,3
2369,78.97,3
2370,79.00,3
2371,79.03,3
2372,79.07,3
2373,79.10,3
2374,79.13,5
2375,79.17,5
2376,79.20,5
2377,79.23,3
2378,79.27,3
2379,79.30,3
2380,79.33,3
2381,79.37,3
2382,79.40,3
2383,79.43,3
2384,79.47,3
2385,79.50,3
2386,79.53,3
2387,79.57,3
2388,79.60,3
2389,79.63,3
2390,79.67,3
2391,79.70,3
2392,79.73,4
2393,79.77,4
2394,79.80,4
2395,79.83,4
2396,79.87,4
2397,79.90,3
2398,79.93,3
2399,79.97,3
2400,80.00,3
2401,80.03,3
2402,80.07,3
2403,80.10,3
2404,80.13,3
2405,80.17,3
2406,80.20,3
2407,80.23,3
2408,80.27,3
2409,80.30,3
2410,80.33,3
2411,80.37,3
2412,80.40,3
2413,80.43,3
2414,80.47,3
2415,80.50,3
2416,80.53,3
2417,80.57,3
2418,80.60,3
2419,80.63,3
2420,80.67,3
2421,80.70,3
2422,80.73,3
2423,80.77,3
2424,80.80,3
2425,80.83,3
2426,80.87,3
2427,80.90,3
2428,80.93,3
2429,80.97,3
2430,81.00,3
2431,81.03,3
2432,81.07,3
2433,81.10,3
2434,81.13,3
2435,81.17,3
2436,81.20,3
2437,81.23,3
2438,81.27,3
2439,81.30,3
2440,81.33,3
2441,81.37,3
2442,81.40,3
2443,81.43,3
2444,81.47,3
2445,81.50,3
2446,81.53,3
2447,81.57,3
2448,81.60,3
2449,81.63,3
2450,81.67,3
2451,81.70,4
2452,81.73,4
2453,81.77,4
2454,81.80,4
2455,81.83,4
2456,81.87,4
2457,81.90,4
2458,81.93,4
2459,81.97,4
2460,82.00,4
2461,82.03,6
2462,82.07,6
2463,82.10,7
2464,82.13,7
2465,82.17,7
2466,82.20,7
2467,82.23,7
2468,82.27,7
2469,82.30,5
2470,82.33,5
2471,82.37,5
2472,82.40,4
2473,82.43,7
2474,82.47,7
2475,82.50,7
2476,82.53,7
2477,82.57,7
2478,82.60,7
2479,82.63,6
2480,82.67,6
2481,82.70,6
2482,82.73,6
2483,82.77,6
2484,82.80,6
2485,82.83,5
2486,82.87,5
2487,82.90,6
2488,82.93,6
2489,82.97,6
2490,83.00,5
2491,83.03,4
2492,83.07,4
2493,83.10,4
2494,83.13,4
2495,83.17,4
2496,83.20,4
2497,83.23,4
2498,83.27,4
2499,83.30,5
2500,83.33,5
2501,83.37,5
2502,83.40,6
2503,83.43,5
2504,83.47,5
2505,83.50,5
2506,83.53,5
2507,83.57,5
2508,83.60,6
2509,83.63,5
2510,83.67,5
2511,83.70,4
2512,83.73,4
2513,83.77,4
2514,83.80,5
2515,83.83,5
2516,83.87,5
2517,83.90,5
2518,83.93,5
2519,83.97,5
2520,84.00,4
2521,84.03,5
2522,84.07,5
2523,84.10,5
2524,84.13,5
2525,84.17,5
2526,84.20,5
2527,84.23,5
2528,84.27,5
2529,84.30,5
2530,84.33,5
2531,84.37,5
2532,84.40,5
2533,84.43,5
2534,84.47,5
2535,84.50,5
2536,84.53,5
2537,84.57,5
2538,84.60,4
2539,84.63,4
2540,84.67,4
2541,84.70,4
2542,84.73,4
2543,84.77,4
2544,84.80,4
2545,84.83,4
2546,84.87,4
2547,84.90,4
2548,84.93,4
2549,84.97,4
2550,85.00,5
2551,85.03,4
2552,85.07,4
2553,85.10,4
2554,85.13,4
2555,85.17,4
2556,85.20,4
2557,85.23,4
2558,85.27,4
2559,85.30,4
2560,85.33,4
2561,85.37,4
2562,85.40,4
2563,85.43,5
2564,85.47,5
2565,85.50,5
2566,85.53,5
2567,85.57,5
2568,85.60,4
2569,85.63,4
2570,85.67,4
2571,85.70,5
2572,85.73,5
2573,85.77,5
2574,85.80,4
2575,85.83,4
2576,85.87,4
2577,85.90,4
2578,85.93,4
2579,85.97,4
2580,86.00,4
2581,86.03,4
2582,86.07,4
2583,86.10,4
2584,86.13,4
2585,86.17,4
2586,86.20,4
2587,86.23,4
2588,86.27,4
2589,86.30,4
2590,86.33,4
2591,86.37,4
2592,86.40,4
2593,86.43,4
2594,86.47,4
2595,86.50,4
2596,86.53,4
2597,86.57,4
2598,86.60,4
2599,86.63,4
2600,86.67,4
2601,86.70,4
2602,86.73,4
2603,86.77,4
2604,86.80,4
2605,86.83,4
2606,86.87,4
2607,86.90,4
2608,86.93,4
2609,86.97,4
2610,87.00,4
2611,87.03,4
2612,87.07,4
2613,87.10,4
2614,87.13,4
2615,87.17,4
2616,87.20,4
2617,87.23,5
2618,87.27,5
2619,87.30,5
2620,87.33,5
2621,87.37,5
2622,87.40,5
2623,87.43,4
2624,87.47,4
2625,87.50,4
2626,87.53,4
2627,87.57,4
2628,87.60,4
2629,87.63,4
2630,87.67,4
2631,87.70,4
2632,87.73,4
2633,87.77,4
2634,87.80,5
2635,87.83,4
2636,87.87,4
2637,87.90,4
2638,87.93,4
2639,87.97,4
2640,88.00,4
2641,88.03,4
2642,88.07,4
2643,88.10,4
2644,88.13,4
2645,88.17,4
2646,88.20,4
2647,88.23,4
2648,88.27,4
2649,88.30,4
2650,88.33,4
2651,88.37,4
2652,88.40,4
2653,88.43,4
2654,88.47,4
2655,88.50,4
2656,88.53,4
2657,88.57,4
2658,88.60,4
2659,88.63,4
2660,88.67,4
2661,88.70,4
2662,88.73,4
2663,88.77,4
2664,88.80,4
2665,88.83,4
2666,88.87,4
2667,88.90,4
2668,88.93,4
2669,88.97,4
2670,89.00,4
2671,89.03,4
2672,89.07,4
2673,89.10,4
2674,89.13,4
2675,89.17,4
2676,89.20,4
2677,89.23,4
2678,89.27,4
2679,89.30,4
2680,89.33,4
2681,89.37,4
2682,89.40,4
2683,89.43,4
2684,89.47,4
2685,89.50,5
2686,89.53,5
2687,89.57,5
2688,89.60,5
2689,89.63,4
2690,89.67,4
2691,89.70,4
2692,89.73,4
2693,89.77,4
2694,89.80,4
2695,89.83,4
2696,89.87,4
2697,89.90,6
2698,89.93,6
2699,89.97,6
2700,90.00,5
2701,90.03,4
2702,90.07,4
2703,90.10,5
2704,90.13,5
2705,90.17,5
2706,90.20,4
2707,90.23,4
2708,90.27,4
2709,90.30,4
2710,90.33,4
2711,90.37,4
2712,90.40,4
2713,90.43,4
2714,90.47,4
2715,90.50,4
2716,90.53,4
2717,90.57,4
2718,90.60,4
2719,90.63,4
2720,90.67,4
2721,90.70,4
2722,90.73,4
2723,90.77,4
2724,90.80,4
2725,90.83,4
2726,90.87,4
2727,90.90,4
2728,90.93,4
2729,90.97,4
2730,91.00,4
2731,91.03,4
2732,91.07,4
2733,91.10,4
2734,91.13,4
2735,91.17,4
2736,91.20,4
2737,91.23,4
2738,91.27,4
2739,91.30,4
2740,91.33,4
2741,91.37,4
2742,91.40,4
2743,91.43,4
2744,91.47,4
2745,91.50,4
2746,91.53,4
2747,91.57,4
2748,91.60,4
2749,91.63,4
2750,91.67,4
2751,91.70,4
2752,91.73,4
2753,91.77,4
2754,91.80,4
2755,91.83,4
2756,91.87,4
2757,91.90,4
2758,91.93,4
2759,91.97,4
2760,92.00,4
2761,92.03,4
2762,92.07,4
2763,92.10,4
2764,92.13,4
2765,92.17,4
2766,92.20,4
2767,92.23,4
2768,92.27,4
2769,92.30,4
2770,92.33,4
2771,92.37,4
2772,92.40,4
2773,92.43,4
2774,92.47,4
2775,92.50,4
2776,92.53,4
2777,92.57,4
2778,92.60,4
2779,92.63,4
2780,92.67,4
2781,92.70,5
2782,92.73,5
2783,92.77,5
2784,92.80,5
2785,92.83,4
2786,92.87,4
2787,92.90,4
2788,92.93,4
2789,92.97,4
2790,93.00,4
2791,93.03,4
2792,93.07,4
2793,93.10,4
2794,93.13,4
2795,93.17,4
2796,93.20,4
2797,93.23,4
2798,93.27,4
2799,93.30,4
2800,93.33,4
2801,93.37,4
2802,93.40,4
2803,93.43,4
2804,93.47,4
2805,93.50,5
2806,93.53,5
2807,93.57,5
2808,93.60,4
2809,93.63,5
2810,93.67,5
2811,93.70,4
2812,93.73,4
2813,93.77,4
2814,93.80,4
2815,93.83,4
2816,93.87,4
2817,93.90,4
2818,93.93,4
2819,93.97,4
2820,94.00,5
2821,94.03,5
2822,94.07,5
2823,94.10,4
2824,94.13,4
2825,94.17,4
2826,94.20,4
2827,94.23,4
2828,94.27,4
2829,94.30,4
2830,94.33,4
2831,94.37,4
2832,94.40,4
2833,94.43,4
2834,94.47,4
2835,94.50,4
2836,94.53,4
2837,94.57,4
2838,94.60,4
2839,94.63,4
2840,94.67,4
2841,94.70,4
2842,94.73,4
2843,94.77,4
2844,94.80,4
2845,94.83,4
2846,94.87,4
2847,94.90,4
2848,94.93,4
2849,94.97,4
2850,95.00,4
2851,95.03,4
2852,95.07,4
2853,95.10,4
2854,95.13,4
2855,95.17,4
2856,95.20,5
2857,95.23,4
2858,95.27,4
2859,95.30,5
2860,95.33,5
2861,95.37,5
2862,95.40,5
2863,95.43,6
2864,95.47,6
2865,95.50,4
2866,95.53,4
2867,95.57,4
2868,95.60,4
2869,95.63,4
2870,95.67,4
2871,95.70,3
2872,95.73,3
2873,95.77,3
2874,95.80,7
2875,95.83,3
2876,95.87,3
2877,95.90,4
2878,95.93,4
2879,95.97,4
2880,96.00,4
2881,96.03,4
2882,96.07,4
2883,96.10,3
2884,96.13,3
2885,96.17,3
2886,96.20,4
2887,96.23,4
2888,96.27,4
2889,96.30,4
2890,96.33,4
2891,96.37,4
2892,96.40,4
2893,96.43,3
2894,96.47,3
2895,96.50,4
2896,96.53,4
2897,96.57,4
2898,96.60,6
2899,96.63,4
2900,96.67,4
2901,96.70,4
2902,96.73,4
2903,96.77,4
2904,96.80,4
2905,96.83,4
2906,96.87,4
2907,96.90,4
2908,96.93,4
2909,96.97,4
2910,97.00,4
2911,97.03,4
2912,97.07,4
2913,97.10,4
2914,97.13,4
2915,97.17,4
2916,97.20,4
2917,97.23,4
2918,97.27,4
2919,97.30,4
2920,97.33,4
2921,97.37,4
2922,97.40,4
2923,97.43,4
2924,97.47,4
2925,97.50,4
2926,97.53,4
2927,97.57,4
2928,97.60,4
2929,97.63,4
2930,97.67,4
2931,97.70,4
2932,97.73,4
2933,97.77,4
2934,97.80,4
2935,97.83,4
2936,97.87,4
2937,97.90,4
2938,97.93,4
2939,97.97,4
2940,98.00,4
2941,98.03,4
2942,98.07,4
2943,98.10,4
2944,98.13,4
2945,98.17,4
2946,98.20,4
2947,98.23,5
2948,98.27,5
2949,98.30,5
2950,98.33,5
2951,98.37,5
2952,98.40,5
2953,98.43,5
2954,98.47,5
2955,98.50,5
2956,98.53,5
2957,98.57,5
2958,98.60,5
2959,98.63,5
2960,98.67,5
2961,98.70,5
2962,98.73,5
2963,98.77,5
2964,98.80,5
2965,98.83,5
2966,98.87,5
2967,98.90,5
2968,98.93,5
2969,98.97,5
2970,99.00,5
2971,99.03,5
2972,99.07,5
2973,99.10,4
2974,99.13,4
2975,99.17,4
2976,99.20,4
2977,99.23,4
2978,99.27,4
2979,99.30,4
2980,99.33,4
2981,99.37,4
2982,99.40,4
2983,99.43,4
2984,99.47,4
2985,99.50,4
2986,99.53,4
2987,99.57,4
2988,99.60,4
2989,99.63,4
2990,99.67,4
2991,99.70,4
2992,99.73,4
2993,99.77,4
2994,99.80,4
2995,99.83,4
2996,99.87,4
2997,99.90,4
2998,99.93,4
2999,99.97,4
3000,100.00,4
3001,100.03,4
3002,100.07,4
3003,100.10,4
3004,100.13,4
3005,100.17,4
3006,100.20,4
3007,100.23,4
3008,100.27,4
3009,100.30,4
3010,100.33,4
3011,100.37,4
3012,100.40,4
3013,100.43,4
3014,100.47,4
3015,100.50,4
3016,100.53,4
3017,100.57,4
3018,100.60,4
3019,100.63,4
3020,100.67,4
3021,100.70,4
3022,100.73,4
3023,100.77,4
3024,100.80,4
3025,100.83,4
3026,100.87,4
3027,100.90,4
3028,100.93,4
3029,100.97,4
3030,101.00,4
3031,101.03,4
3032,101.07,4
3033,101.10,4
3034,101.13,4
3035,101.17,4
3036,101.20,4
3037,101.23,4
3038,101.27,4
3039,101.30,4
3040,101.33,4
3041,101.37,4
3042,101.40,4
3043,101.43,4
3044,101.47,4
3045,101.50,4
3046,101.53,4
3047,101.57,4
3048,101.60,4
3049,101.63,4
3050,101.67,4
3051,101.70,4
3052,101.73,4
3053,101.77,4
3054,101.80,4
3055,101.83,4
3056,101.87,4
3057,101.90,4
3058,101.93,4
3059,101.97,4
3060,102.00,4
3061,102.03,4
3062,102.07,4
3063,102.10,4
3064,102.13,4
3065,102.17,4
3066,102.20,4
3067,102.23,4
3068,102.27,4
3069,102.30,4
3070,102.33,4
3071,102.37,4
3072,102.40,4
3073,102.43,4
3074,102.47,4
3075,102.50,4
3076,102.53,4
3077,102.57,4
3078,102.60,4
3079,102.63,4
3080,102.67,4
3081,102.70,4
3082,102.73,4
3083,102.77,4
3084,102.80,4
3085,102.83,4
3086,102.87,4
3087,102.90,4
3088,102.93,4
3089,102.97,4
3090,103.00,4
3091,103.03,4
3092,103.07,4
3093,103.10,4
3094,103.13,4
3095,103.17,4
3096,103.20,4
3097,103.23,4
3098,103.27,4
3099,103.30,4
3100,103.33,4
3101,103.37,4
3102,103.40,4
3103,103.43,4
3104,103.47,4
3105,103.50,4
3106,103.53,4
3107,103.57,4
3108,103.60,4
3109,103.63,4
3110,103.67,4
3111,103.70,4
3112,103.73,4
3113,103.77,4
3114,103.80,4
3115,103.83,4
3116,103.87,4
3117,103.90,4
3118,103.93,4
3119,103.97,4
3120,104.00,4
3121,104.03,5
3122,104.07,5
3123,104.10,5
3124,104.13,5
3125,104.17,5
3126,104.20,4
3127,104.23,4
3128,104.27,4
3129,104.30,4
3130,104.33,4
3131,104.37,4
3132,104.40,4
3133,104.43,4
3134,104.47,4
3135,104.50,4
3136,104.53,4
3137,104.57,4
3138,104.60,4
3139,104.63,5
3140,104.67,5
3141,104.70,4
3142,104.73,4
3143,104.77,4
3144,104.80,5
3145,104.83,4
3146,104.87,4
3147,104.90,4
3148,104.93,4
3149,104.97,4
3150,105.00,3
3151,105.03,3
3152,105.07,3
3153,105.10,4
3154,105.13,4
3155,105.17,4
3156,105.20,5
3157,105.23,4
3158,105.27,4
3159,105.30,5
3160,105.33,5
3161,105.37,5
3162,105.40,3
3163,105.43,4
3164,105.47,4
3165,105.50,3
3166,105.53,3
3167,105.57,3
3168,105.60,4
3169,105.63,4
3170,105.67,4
3171,105.70,4
3172,105.73,4
3173,105.77,4
3174,105.80,4
3175,105.83,4
3176,105.87,4
3177,105.90,4
3178,105.93,4
3179,105.97,4
3180,106.00,4
3181,106.03,4
3182,106.07,4
3183,106.10,4
3184,106.13,4
3185,106.17,4
3186,106.20,4
3187,106.23,4
3188,106.27,4
3189,106.30,5
3190,106.33,5
3191,106.37,5
3192,106.40,5
3193,106.43,4
3194,106.47,4
3195,106.50,5
3196,106.53,5
3197,106.57,5
3198,106.60,4
3199,106.63,5
3200,106.67,5
3201,106.70,4
3202,106.73,4
3203,106.77,4
3204,106.80,4
3205,106.83,4
3206,106.87,4
3207,106.90,4
3208,106.93,4
3209,106.97,4
3210,107.00,5
3211,107.03,5
3212,107.07,5
3213,107.10,5
3214,107.13,5
3215,107.17,5
3216,107.20,4
3217,107.23,4
3218,107.27,4
3219,107.30,5
3220,107.33,5
3221,107.37,5
3222,107.40,4
3223,107.43,4
3224,107.47,4
3225,107.50,4
3226,107.53,4
3227,107.57,4
3228,107.60,4
3229,107.63,4
3230,107.67,4
3231,107.70,4
3232,107.73,4
3233,107.77,4
3234,107.80,4
3235,107.83,4
3236,107.87,4
3237,107.90,4
3238,107.93,4
3239,107.97,4
3240,108.00,4
3241,108.03,4
3242,108.07,4
3243,108.10,4
3244,108.13,4
3245,108.17,4
3246,108.20,4
3247,108.23,4
3248,108.27,4
3249,108.30,4
3250,108.33,4
3251,108.37,4
3252,108.40,4
3253,108.43,4
3254,108.47,4
3255,108.50,4
3256,108.53,4
3257,108.57,4
3258,108.60,4
3259,108.63,4
3260,108.67,4
3261,108.70,4
3262,108.73,4
3263,108.77,4
3264,108.80,4
3265,108.83,4
3266,108.87,4
3267,108.90,4
3268,108.93,4
3269,108.97,4
3270,109.00,4
3271,109.03,4
3272,109.07,4
3273,109.10,4
3274,109.13,4
3275,109.17,4
3276,109.20,4
3277,109.23,4
3278,109.27,4
3279,109.30,4
3280,109.33,4
3281,109.37,4
3282,109.40,4
3283,109.43,4
3284,109.47,4
3285,109.50,4
3286,109.53,4
3287,109.57,4
3288,109.60,4
3289,109.63,4
3290,109.67,4
3291,109.70,4
3292,109.73,4
3293,109.77,4
3294,109.80,4
3295,109.83,4
3296,109.87,4
3297,109.90,4
3298,109.93,4
3299,109.97,4
3300,110.00,4
3301,110.03,5
3302,110.07,5
3303,110.10,5
3304,110.13,5
3305,110.17,5
3306,110.20,3
3307,110.23,4
3308,110.27,4
3309,110.30,5
3310,110.33,5
3311,110.37,5
3312,110.40,6
3313,110.43,6
3314,110.47,6
3315,110.50,5
3316,110.53,5
3317,110.57,5
3318,110.60,6
3319,110.63,5
3320,110.67,5
3321,110.70,5
3322,110.73,5
3323,110.77,5
3324,110.80,5
3325,110.83,4
3326,110.87,4
3327,110.90,4
3328,110.93,4
3329,110.97,4
3330,111.00,4
3331,111.03,4
3332,111.07,4
3333,111.10,4
3334,111.13,4
3335,111.17,4
3336,111.20,4
3337,111.23,4
3338,111.27,4
3339,111.30,4
3340,111.33,4
3341,111.37,4
3342,111.40,4
3343,111.43,4
3344,111.47,4
3345,111.50,4
3346,111.53,4
3347,111.57,4
3348,111.60,4
3349,111.63,4
3350,111.67,4
3351,111.70,4
3352,111.73,4
3353,111.77,4
3354,111.80,4
3355,111.83,4
3356,111.87,4
3357,111.90,4
3358,111.93,4
3359,111.97,4
3360,112.00,4
3361,112.03,4
3362,112.07,4
3363,112.10,4
3364,112.13,4
3365,112.17,4
3366,112.20,4
3367,112.23,4
3368,112.27,4
3369,112.30,5
3370,112.33,4
3371,112.37,5
3372,112.40,5
3373,112.43,4
3374,112.47,4
3375,112.50,4
3376,112.53,4
3377,112.57,4
3378,112.60,4
3379,112.63,4
3380,112.67,4
3381,112.70,4
3382,112.73,4
3383,112.77,4
3384,112.80,4
3385,112.83,5
3386,112.87,5
3387,112.90,5
3388,112.93,5
3389,112.97,5
3390,113.00,4
3391,113.03,4
3392,113.07,4
3393,113.10,4
3394,113.13,4
3395,113.17,4
3396,113.20,4
3397,113.23,4
3398,113.27,4
3399,113.30,4
3400,113.33,4
3401,113.37,4
3402,113.40,4
3403,113.43,4
3404,113.47,4
3405,113.50,4
3406,113.53,4
3407,113.57,4
3408,113.60,4
3409,113.63,4
3410,113.67,4
3411,113.70,4
3412,113.73,4
3413,113.77,4
3414,113.80,4
3415,113.83,4
3416,113.87,4
3417,113.90,4
3418,113.93,4
3419,113.97,4
3420,114.00,4
3421,114.03,4
3422,114.07,4
3423,114.10,4
3424,114.13,4
3425,114.17,4
3426,114.20,4
3427,114.23,5
3428,114.27,5
3429,114.30,4
3430,114.33,4
3431,114.37,4
3432,114.40,4
3433,114.43,4
3434,114.47,4
3435,114.50,4
3436,114.53,4
3437,114.57,4
3438,114.60,4
3439,114.63,4
3440,114.67,4
3441,114.70,4
3442,114.73,4
3443,114.77,4
3444,114.80,4
3445,114.83,4
3446,114.87,4
3447,114.90,4
3448,114.93,4
3449,114.97,4
3450,115.00,4
3451,115.03,4
3452,115.07,4
3453,115.10,4
3454,115.13,4
3455,115.17,4
3456,115.20,4
3457,115.23,4
3458,115.27,4
3459,115.30,4
3460,115.33,4
3461,115.37,4
3462,115.40,4
3463,115.43,4
3464,115.47,4
3465,115.50,4
3466,115.53,4
3467,115.57,4
3468,115.60,4
3469,115.63,4
3470,115.67,4
3471,115.70,4
3472,115.73,4
3473,115.77,4
3474,115.80,4
3475,115.83,4
3476,115.87,4
3477,115.90,4
3478,115.93,4
3479,115.97,4
3480,116.00,4
3481,116.03,4
3482,116.07,4
3483,116.10,4
3484,116.13,4
3485,116.17,4
3486,116.20,4
3487,116.23,4
3488,116.27,4
3489,116.30,4
3490,116.33,4
3491,116.37,4
3492,116.40,4
3493,116.43,4
3494,116.47,4
3495,116.50,4
3496,116.53,4
3497,116.57,4
3498,116.60,4
3499,116.63,4
3500,116.67,4
3501,116.70,4
3502,116.73,6
3503,116.77,6
3504,116.80,4
3505,116.83,4
3506,116.87,4
3507,116.90,4
3508,116.93,5
3509,116.97,5
3510,117.00,5
3511,117.03,4
3512,117.07,4
3513,117.10,4
3514,117.13,4
3515,117.17,4
3516,117.20,4
3517,117.23,5
3518,117.27,5
3519,117.30,5
3520,117.33,4
3521,117.37,4
3522,117.40,4
3523,117.43,4
3524,117.47,4
3525,117.50,4
3526,117.53,4
3527,117.57,4
3528,117.60,4
3529,117.63,4
3530,117.67,4
3531,117.70,4
3532,117.73,4
3533,117.77,4
3534,117.80,4
3535,117.83,4
3536,117.87,4
3537,117.90,4
3538,117.93,5
3539,117.97,5
3540,118.00,5
3541,118.03,4
3542,118.07,4
3543,118.10,4
3544,118.13,4
3545,118.17,4
3546,118.20,4
3547,118.23,5
3548,118.27,5
3549,118.30,5
3550,118.33,4
3551,118.37,4
3552,118.40,4
3553,118.43,4
3554,118.47,4
3555,118.50,4
3556,118.53,5
3557,118.57,5
3558,118.60,5
3559,118.63,4
3560,118.67,4
3561,118.70,4
3562,118.73,4
3563,118.77,4
3564,118.80,4
3565,118.83,4
3566,118.87,4
3567,118.90,4
3568,118.93,4
3569,118.97,4
3570,119.00,4
3571,119.03,4
3572,119.07,4
3573,119.10,4
3574,119.13,3
3575,119.17,3
3576,119.20,4
3577,119.23,4
3578,119.27,4
3579,119.30,4
3580,119.33,4
3581,119.37,4
3582,119.40,4
3583,119.43,5
3584,119.47,5
3585,119.50,5
3586,119.53,4
3587,119.57,4
3588,119.60,4
3589,119.63,4
3590,119.67,4
3591,119.70,4
3592,119.73,4
3593,119.77,4
3594,119.80,4
3595,119.83,4
3596,119.87,4
3597,119.90,4
3598,119.93,4
3599,119.97,4
3600,120.00,4
3601,120.03,4
3602,120.07,4
3603,120.10,4
3604,120.13,4
3605,120.17,4
3606,120.20,4
3607,120.23,4
3608,120.27,4
3609,120.30,4
3610,120.33,4
3611,120.37,4
3612,120.40,4
3613,120.43,4
3614,120.47,4
3615,120.50,4
3616,120.53,4
3617,120.57,4
3618,120.60,4
3619,120.63,4
3620,120.67,4
3621,120.70,4
3622,120.73,4
3623,120.77,4
3624,120.80,4
3625,120.83,4
3626,120.87,4
3627,120.90,4
3628,120.93,4
3629,120.97,4
3630,121.00,4
3631,121.03,4
3632,121.07,4
3633,121.10,4
3634,121.13,4
3635,121.17,4
3636,121.20,4
3637,121.23,4
3638,121.27,4
3639,121.30,4
3640,121.33,4
3641,121.37,4
3642,121.40,4
3643,121.43,4
3644,121.47,4
3645,121.50,4
3646,121.53,4
3647,121.57,4
3648,121.60,4
3649,121.63,4
3650,121.67,4
3651,121.70,4
3652,121.73,4
3653,121.77,4
3654,121.80,4
3655,121.83,4
3656,121.87,4
3657,121.90,4
3658,121.93,4
3659,121.97,4
3660,122.00,4
3661,122.03,4
3662,122.07,4
3663,122.10,4
3664,122.13,4
3665,122.17,4
3666,122.20,4
3667,122.23,4
3668,122.27,4
3669,122.30,4
3670,122.33,4
3671,122.37,4
3672,122.40,4
3673,122.43,4
3674,122.47,4
3675,122.50,4
3676,122.53,4
3677,122.57,4
3678,122.60,4
3679,122.63,4
3680,122.67,4
3681,122.70,4
3682,122.73,4
3683,122.77,4
3684,122.80,4
3685,122.83,4
3686,122.87,4
3687,122.90,4
3688,122.93,4
3689,122.97,4
3690,123.00,4
3691,123.03,4
3692,123.07,4
3693,123.10,4
3694,123.13,4
3695,123.17,4
3696,123.20,4
3697,123.23,4
3698,123.27,4
3699,123.30,4
3700,123.33,4
3701,123.37,4
3702,123.40,4
3703,123.43,4
3704,123.47,4
3705,123.50,4
3706,123.53,4
3707,123.57,4
3708,123.60,4
3709,123.63,4
3710,123.67,4
3711,123.70,4
3712,123.73,4
3713,123.77,4
3714,123.80,4
3715,123.83,4
3716,123.87,4
3717,123.90,4
3718,123.93,4
3719,123.97,4
3720,124.00,4
3721,124.03,4
3722,124.07,4
3723,124.10,4
3724,124.13,4
3725,124.17,4
3726,124.20,4
3727,124.23,4
3728,124.27,4
3729,124.30,4
3730,124.33,4
3731,124.37,4
3732,124.40,4
3733,124.43,4
3734,124.47,4
3735,124.50,4
3736,124.53,4
3737,124.57,4
3738,124.60,4
3739,124.63,4
3740,124.67,4
3741,124.70,4
3742,124.73,4
3743,124.77,4
3744,124.80,4
3745,124.83,4
3746,124.87,4
3747,124.90,4
3748,124.93,4
3749,124.97,4
3750,125.00,4
3751,125.03,4
3752,125.07,4
3753,125.10,4
3754,125.13,4
3755,125.17,4
3756,125.20,4
3757,125.23,4
3758,125.27,4
3759,125.30,4
3760,125.33,4
3761,125.37,4
3762,125.40,4
3763,125.43,4
3764,125.47,4
3765,125.50,4
3766,125.53,4
3767,125.57,4
3768,125.60,4
3769,125.63,4
3770,125.67,4
3771,125.70,4
3772,125.73,4
3773,125.77,4
3774,125.80,4
3775,125.83,4
3776,125.87,4
3777,125.90,4
3778,125.93,4
3779,125.97,4
3780,126.00,4
3781,126.03,4
3782,126.07,4
3783,126.10,4
3784,126.13,4
3785,126.17,4
3786,126.20,4
3787,126.23,4
3788,126.27,4
3789,126.30,4
3790,126.33,4
3791,126.37,4
3792,126.40,4
3793,126.43,4
3794,126.47,4
3795,126.50,4
3796,126.53,4
3797,126.57,4
3798,126.60,4
3799,126.63,4
3800,126.67,4
3801,126.70,4
3802,126.73,4
3803,126.77,4
3804,126.80,4
3805,126.83,4
3806,126.87,4
3807,126.90,4
3808,126.93,4
3809,126.97,4
3810,127.00,4
3811,127.03,4
3812,127.07,4
3813,127.10,4
3814,127.13,4
3815,127.17,4
3816,127.20,4
3817,127.23,4
3818,127.27,4
3819,127.30,4
3820,127.33,4
3821,127.37,4
3822,127.40,4
3823,127.43,4
3824,127.47,4
3825,127.50,4
3826,127.53,4
3827,127.57,4
3828,127.60,4
3829,127.63,4
3830,127.67,4
3831,127.70,4
3832,127.73,4
3833,127.77,4
3834,127.80,4
3835,127.83,4
3836,127.87,4
3837,127.90,4
3838,127.93,4
3839,127.97,4
3840,128.00,4
3841,128.03,4
3842,128.07,4
3843,128.10,4
3844,128.13,4
3845,128.17,4
3846,128.20,4
3847,128.23,4
3848,128.27,4
3849,128.30,4
3850,128.33,4
3851,128.37,4
3852,128.40,4
3853,128.43,4
3854,128.47,4
3855,128.50,4
3856,128.53,4
3857,128.57,4
3858,128.60,4
3859,128.63,4
3860,128.67,4
3861,128.70,4
3862,128.73,4
3863,128.77,4
3864,128.80,4
3865,128.83,4
3866,128.87,4
3867,128.90,4
3868,128.93,4
3869,128.97,4
3870,129.00,4
3871,129.03,4
3872,129.07,4
3873,129.10,4
3874,129.13,4
3875,129.17,4
3876,129.20,4
3877,129.23,4
3878,129.27,4
3879,129.30,4
3880,129.33,4
3881,129.37,4
3882,129.40,4
3883,129.43,4
3884,129.47,4
3885,129.50,4
3886,129.53,4
3887,129.57,4
3888,129.60,4
3889,129.63,4
3890,129.67,4
3891,129.70,4
3892,129.73,4
3893,129.77,4
3894,129.80,4
3895,129.83,4
3896,129.87,4
3897,129.90,4
3898,129.93,4
3899,129.97,4
3900,130.00,4
3901,130.03,4
3902,130.07,4
3903,130.10,4
3904,130.13,4
3905,130.17,4
3906,130.20,4
3907,130.23,4
3908,130.27,4
3909,130.30,4
3910,130.33,4
3911,130.37,4
3912,130.40,4
3913,130.43,4
3914,130.47,4
3915,130.50,4
3916,130.53,4
3917,130.57,4
3918,130.60,4
3919,130.63,4
3920,130.67,4
3921,130.70,4
3922,130.73,4
3923,130.77,4
3924,130.80,4
3925,130.83,4
3926,130.87,4
3927,130.90,4
3928,130.93,4
3929,130.97,4
3930,131.00,4
3931,131.03,4
3932,131.07,4
3933,131.10,4
3934,131.13,4
3935,131.17,4
3936,131.20,4
3937,131.23,4
3938,131.27,4
3939,131.30,4
3940,131.33,4
3941,131.37,4
3942,131.40,4
3943,131.43,4
3944,131.47,4
3945,131.50,4
3946,131.53,4
3947,131.57,4
3948,131.60,5
3949,131.63,4
3950,131.67,4
3951,131.70,4
3952,131.73,4
3953,131.77,4
3954,131.80,4
3955,131.83,4
3956,131.87,4
3957,131.90,4
3958,131.93,4
3959,131.97,4
3960,132.00,4
3961,132.03,4
3962,132.07,4
3963,132.10,4
3964,132.13,4
3965,132.17,4
3966,132.20,4
3967,132.23,4
3968,132.27,4
3969,132.30,4
3970,132.33,4
3971,132.37,4
3972,132.40,4
3973,132.43,4
3974,132.47,4
3975,132.50,4
3976,132.53,4
3977,132.57,4
3978,132.60,4
3979,132.63,4
3980,132.67,4
3981,132.70,4
3982,132.73,4
3983,132.77,4
3984,132.80,4
3985,132.83,4
3986,132.87,4
3987,132.90,4
3988,132.93,4
3989,132.97,4
3990,133.00,4
3991,133.03,4
3992,133.07,4
3993,133.10,4
3994,133.13,4
3995,133.17,4
3996,133.20,4
3997,133.23,4
3998,133.27,4
3999,133.30,4
4000,133.33,4
4001,133.37,4
4002,133.40,4
4003,133.43,4
4004,133.47,4
4005,133.50,4
4006,133.53,4
4007,133.57,4
4008,133.60,4
4009,133.63,4
4010,133.67,4
4011,133.70,4
4012,133.73,4
4013,133.77,4
4014,133.80,4
4015,133.83,4
4016,133.87,4
4017,133.90,4
4018,133.93,4
4019,133.97,4
4020,134.00,4
4021,134.03,4
4022,134.07,4
4023,134.10,4
4024,134.13,4
4025,134.17,4
4026,134.20,4
4027,134.23,4
4028,134.27,4
4029,134.30,4
4030,134.33,4
4031,134.37,4
4032,134.40,4
4033,134.43,4
4034,134.47,4
4035,134.50,4
4036,134.53,4
4037,134.57,4
4038,134.60,4
4039,134.63,4
4040,134.67,4
4041,134.70,4
4042,134.73,4
4043,134.77,4
4044,134.80,4
4045,134.83,4
4046,134.87,4
4047,134.90,4
4048,134.93,4
4049,134.97,4
4050,135.00,4
4051,135.03,4
4052,135.07,4
4053,135.10,4
4054,135.13,4
4055,135.17,4
4056,135.20,4
4057,135.23,4
4058,135.27,4
4059,135.30,4
4060,135.33,4
4061,135.37,4
4062,135.40,5
4063,135.43,4
4064,135.47,4
4065,135.50,4
4066,135.53,4
4067,135.57,5
4068,135.60,5
4069,135.63,4
4070,135.67,4
4071,135.70,4
4072,135.73,5
4073,135.77,4
4074,135.80,4
4075,135.83,4
4076,135.87,4
4077,135.90,4
4078,135.93,4
4079,135.97,4
4080,136.00,4
4081,136.03,4
4082,136.07,4
4083,136.10,4
4084,136.13,4
4085,136.17,4
4086,136.20,4
4087,136.23,4
4088,136.27,4
4089,136.30,4
4090,136.33,4
4091,136.37,4
4092,136.40,4
4093,136.43,4
4094,136.47,4
4095,136.50,4
4096,136.53,4
4097,136.57,4
4098,136.60,4
4099,136.63,4
4100,136.67,4
4101,136.70,4
4102,136.73,4
4103,136.77,4
4104,136.80,4
4105,136.83,4
4106,136.87,4
4107,136.90,4
4108,136.93,4
4109,136.97,4
4110,137.00,4
4111,137.03,4
4112,137.07,4
4113,137.10,4
4114,137.13,4
4115,137.17,4
4116,137.20,4
4117,137.23,4
4118,137.27,4
4119,137.30,4
4120,137.33,4
4121,137.37,4
4122,137.40,4
4123,137.43,4
4124,137.47,4
4125,137.50,4
4126,137.53,4
4127,137.57,4
4128,137.60,4
4129,137.63,4
4130,137.67,4
4131,137.70,4
4132,137.73,4
4133,137.77,4
4134,137.80,4
4135,137.83,4
4136,137.87,4
4137,137.90,4
4138,137.93,4
4139,137.97,4
4140,138.00,4
4141,138.03,3
4142,138.07,3
4143,138.10,3
4144,138.13,3
4145,138.17,3
4146,138.20,3
4147,138.23,3
4148,138.27,3
4149,138.30,3
4150,138.33,3
4151,138.37,3
4152,138.40,3
4153,138.43,3
4154,138.47,3
4155,138.50,3
4156,138.53,3
4157,138.57,3
4158,138.60,3
4159,138.63,3
4160,138.67,3
4161,138.70,3
4162,138.73,3
4163,138.77,3
4164,138.80,3
4165,138.83,3
4166,138.87,3
4167,138.90,3
4168,138.93,3
4169,138.97,3
4170,139.00,3
4171,139.03,3
4172,139.07,3
4173,139.10,3
4174,139.13,3
4175,139.17,3
4176,139.20,3
4177,139.23,3
4178,139.27,3
4179,139.30,3
4180,139.33,3
4181,139.37,3
4182,139.40,3
4183,139.43,3
4184,139.47,3
4185,139.50,3
4186,139.53,3
4187,139.57,3
4188,139.60,3
4189,139.63,3
4190,139.67,3
4191,139.70,3
4192,139.73,3
4193,139.77,3
4194,139.80,4
4195,139.83,3
4196,139.87,3
4197,139.90,3
4198,139.93,3
4199,139.97,3
4200,140.00,3
4201,140.03,3
4202,140.07,4
4203,140.10,4
4204,140.13,4
4205,140.17,4
4206,140.20,4
4207,140.23,4
4208,140.27,4
4209,140.30,4
4210,140.33,4
4211,140.37,4
4212,140.40,4
4213,140.43,4
4214,140.47,4
4215,140.50,4
4216,140.53,4
4217,140.57,4
4218,140.60,4
4219,140.63,4
4220,140.67,4
4221,140.70,4
4222,140.73,4
4223,140.77,4
4224,140.80,4
4225,140.83,4
4226,140.87,4
4227,140.90,4
4228,140.93,4
4229,140.97,4
4230,141.00,4
4231,141.03,4
4232,141.07,4
4233,141.10,4
4234,141.13,5
4235,141.17,5
4236,141.20,5
4237,141.23,4
4238,141.27,4
4239,141.30,4
4240,141.33,4
4241,141.37,4
4242,141.40,5
4243,141.43,4
4244,141.47,4
4245,141.50,4
4246,141.53,4
4247,141.57,4
4248,141.60,4
4249,141.63,4
4250,141.67,4
4251,141.70,4
4252,141.73,4
4253,141.77,4
4254,141.80,4
4255,141.83,4
4256,141.87,4
4257,141.90,4
4258,141.93,4
4259,141.97,4
4260,142.00,4
4261,142.03,4
4262,142.07,4
4263,142.10,4
4264,142.13,4
4265,142.17,4
4266,142.20,4
4267,142.23,4
4268,142.27,4
4269,142.30,4
4270,142.33,4
4271,142.37,4
4272,142.40,4
4273,142.43,4
4274,142.47,4
4275,142.50,4
4276,142.53,4
4277,142.57,4
4278,142.60,4
4279,142.63,4
4280,142.67,4
4281,142.70,4
4282,142.73,4
4283,142.77,4
4284,142.80,4
4285,142.83,4
4286,142.87,4
4287,142.90,4
4288,142.93,4
4289,142.97,4
4290,143.00,4
4291,143.03,4
4292,143.07,4
4293,143.10,4
4294,143.13,5
4295,143.17,5
4296,143.20,5
4297,143.23,5
4298,143.27,5
4299,143.30,5
4300,143.33,5
4301,143.37,4
4302,143.40,4
4303,143.43,5
4304,143.47,5
4305,143.50,5
4306,143.53,4
4307,143.57,4
4308,143.60,4
4309,143.63,5
4310,143.67,5
4311,143.70,4
4312,143.73,5
4313,143.77,5
4314,143.80,5
4315,143.83,5
4316,143.87,5
4317,143.90,5
4318,143.93,4
4319,143.97,4
4320,144.00,5
4321,144.03,5
4322,144.07,5
4323,144.10,5
4324,144.13,5
4325,144.17,5
4326,144.20,5
4327,144.23,5
4328,144.27,5
4329,144.30,5
4330,144.33,5
4331,144.37,5
4332,144.40,5
4333,144.43,5
4334,144.47,5
4335,144.50,5
4336,144.53,5
4337,144.57,5
4338,144.60,5
4339,144.63,5
4340,144.67,5
4341,144.70,5
4342,144.73,5
4343,144.77,5
4344,144.80,5
4345,144.83,5
4346,144.87,5
4347,144.90,5
4348,144.93,5
4349,144.97,5
4350,145.00,4
4351,145.03,4
4352,145.07,4
4353,145.10,4
4354,145.13,4
4355,145.17,4
4356,145.20,5
4357,145.23,5
4358,145.27,5
4359,145.30,5
4360,145.33,5
4361,145.37,5
4362,145.40,5
4363,145.43,5
4364,145.47,5
4365,145.50,5
4366,145.53,5
4367,145.57,5
4368,145.60,5
4369,145.63,5
4370,145.67,5
4371,145.70,5
4372,145.73,5
4373,145.77,5
4374,145.80,4
4375,145.83,4
4376,145.87,5
4377,145.90,4
4378,145.93,4
4379,145.97,4
4380,146.00,4
4381,146.03,4
4382,146.07,4
4383,146.10,4
4384,146.13,4
4385,146.17,4
4386,146.20,4
4387,146.23,4
4388,146.27,4
4389,146.30,4
4390,146.33,4
4391,146.37,4
4392,146.40,5
4393,146.43,5
4394,146.47,5
4395,146.50,4
4396,146.53,4
4397,146.57,4
4398,146.60,5
4399,146.63,5
4400,146.67,5
4401,146.70,5
4402,146.73,5
4403,146.77,5
4404,146.80,5
4405,146.83,5
4406,146.87,5
4407,146.90,4
4408,146.93,4
4409,146.97,4
4410,147.00,4
4411,147.03,4
4412,147.07,4
4413,147.10,3
4414,147.13,4
4415,147.17,4
4416,147.20,4
4417,147.23,4
4418,147.27,4
4419,147.30,4
4420,147.33,5
4421,147.37,5
4422,147.40,5
4423,147.43,5
4424,147.47,5
4425,147.50,4
4426,147.53,4
4427,147.57,4
4428,147.60,4
4429,147.63,4
4430,147.67,4
4431,147.70,4
4432,147.73,4
4433,147.77,4
4434,147.80,4
4435,147.83,4
4436,147.87,4
4437,147.90,4
4438,147.93,4
4439,147.97,4
4440,148.00,4
4441,148.03,4
4442,148.07,4
4443,148.10,5
4444,148.13,5
4445,148.17,5
4446,148.20,5
4447,148.23,5
4448,148.27,5
4449,148.30,5
4450,148.33,5
4451,148.37,5
4452,148.40,5
4453,148.43,5
4454,148.47,5
4455,148.50,5
4456,148.53,5
4457,148.57,5
4458,148.60,5
4459,148.63,5
4460,148.67,5
4461,148.70,4
4462,148.73,4
4463,148.77,4
4464,148.80,4
4465,148.83,4
4466,148.87,4
4467,148.90,5
4468,148.93,5
4469,148.97,5
4470,149.00,5
4471,149.03,5
4472,149.07,5
4473,149.10,5
4474,149.13,5
4475,149.17,5
4476,149.20,5
4477,149.23,4
4478,149.27,5
4479,149.30,3
4480,149.33,4
4481,149.37,4
4482,149.40,4
4483,149.43,4
4484,149.47,4
4485,149.50,4
4486,149.53,5
4487,149.57,5
4488,149.60,4
4489,149.63,4
4490,149.67,4
4491,149.70,4
4492,149.73,4
4493,149.77,4
4494,149.80,4
4495,149.83,4
4496,149.87,4
4497,149.90,4
4498,149.93,4
4499,149.97,4
4500,150.00,5
4501,150.03,5
4502,150.07,5
4503,150.10,4
4504,150.13,4
4505,150.17,4
4506,150.20,4
4507,150.23,4
4508,150.27,4
4509,150.30,4
4510,150.33,4
4511,150.37,4
4512,150.40,4
4513,150.43,4
4514,150.47,4
4515,150.50,4
4516,150.53,4
4517,150.57,4
4518,150.60,4
4519,150.63,4
4520,150.67,4
4521,150.70,4
4522,150.73,3
4523,150.77,3
4524,150.80,3
4525,150.83,3
4526,150.87,3
4527,150.90,3
4528,150.93,3
4529,150.97,3
4530,151.00,3
4531,151.03,3
4532,151.07,3
4533,151.10,3
4534,151.13,3
4535,151.17,3
4536,151.20,3
4537,151.23,3
4538,151.27,3
4539,151.30,3
4540,151.33,3
4541,151.37,3
4542,151.40,3
4543,151.43,3
4544,151.47,3
4545,151.50,3
4546,151.53,3
4547,151.57,3
4548,151.60,3
4549,151.63,3
4550,151.67,3
4551,151.70,3
4552,151.73,3
4553,151.77,3
4554,151.80,3
4555,151.83,3
4556,151.87,3
4557,151.90,3
4558,151.93,3
4559,151.97,3
4560,152.00,3
4561,152.03,3
4562,152.07,3
4563,152.10,4
4564,152.13,4
4565,152.17,4
4566,152.20,4
4567,152.23,4
4568,152.27,4
4569,152.30,4
4570,152.33,4
4571,152.37,4
4572,152.40,4
4573,152.43,4
4574,152.47,4
4575,152.50,4
4576,152.53,4
4577,152.57,4
4578,152.60,4
4579,152.63,4
4580,152.67,4
4581,152.70,4
4582,152.73,4
4583,152.77,4
4584,152.80,4
4585,152.83,4
4586,152.87,4
4587,152.90,4
4588,152.93,4
4589,152.97,4
4590,153.00,4
4591,153.03,4
4592,153.07,4
4593,153.10,4
4594,153.13,4
4595,153.17,4
4596,153.20,4
4597,153.23,4
4598,153.27,4
4599,153.30,4
4600,153.33,4
4601,153.37,4
4602,153.40,4
4603,153.43,4
4604,153.47,4
4605,153.50,4
4606,153.53,4
4607,153.57,4
4608,153.60,4
4609,153.63,4
4610,153.67,4
4611,153.70,4
4612,153.73,4
4613,153.77,4
4614,153.80,4
4615,153.83,4
4616,153.87,4
4617,153.90,3
4618,153.93,3
4619,153.97,3
4620,154.00,3
4621,154.03,3
4622,154.07,3
4623,154.10,3
4624,154.13,3
4625,154.17,3
4626,154.20,3
4627,154.23,3
4628,154.27,3
4629,154.30,3
4630,154.33,3
4631,154.37,3
4632,154.40,3
4633,154.43,3
4634,154.47,3
4635,154.50,3
4636,154.53,4
4637,154.57,4
4638,154.60,4
4639,154.63,4
4640,154.67,4
4641,154.70,4
4642,154.73,4
4643,154.77,4
4644,154.80,4
4645,154.83,4
4646,154.87,4
4647,154.90,4
4648,154.93,4
4649,154.97,4
4650,155.00,4
4651,155.03,4
4652,155.07,4
4653,155.10,4
4654,155.13,4
4655,155.17,4
4656,155.20,4
4657,155.23,4
4658,155.27,4
4659,155.30,5
4660,155.33,5
4661,155.37,5
4662,155.40,5
4663,155.43,5
4664,155.47,5
4665,155.50,5
4666,155.53,5
4667,155.57,5
4668,155.60,4
4669,155.63,4
4670,155.67,4
4671,155.70,5
4672,155.73,4
4673,155.77,4
4674,155.80,4
4675,155.83,4
4676,155.87,4
4677,155.90,5
4678,155.93,5
4679,155.97,5
4680,156.00,4
4681,156.03,4
4682,156.07,4
4683,156.10,5
4684,156.13,5
4685,156.17,5
4686,156.20,5
4687,156.23,5
4688,156.27,5
4689,156.30,4
4690,156.33,4
4691,156.37,4
4692,156.40,4
4693,156.43,4
4694,156.47,4
4695,156.50,4
4696,156.53,4
4697,156.57,4
4698,156.60,4
4699,156.63,4
4700,156.67,4
4701,156.70,4
4702,156.73,4
4703,156.77,4
4704,156.80,4
4705,156.83,4
4706,156.87,4
4707,156.90,4
4708,156.93,4
4709,156.97,4
4710,157.00,4
4711,157.03,4
4712,157.07,4
4713,157.10,4
4714,157.13,3
4715,157.17,3
4716,157.20,3
4717,157.23,3
4718,157.27,3
4719,157.30,3
4720,157.33,3
4721,157.37,3
4722,157.40,3
4723,157.43,3
4724,157.47,3
4725,157.50,3
4726,157.53,3
4727,157.57,3
4728,157.60,3
4729,157.63,3
4730,157.67,3
4731,157.70,3
4732,157.73,3
4733,157.77,3
4734,157.80,3
4735,157.83,3
4736,157.87,3
4737,157.90,3
4738,157.93,3
4739,157.97,3
4740,158.00,3
4741,158.03,3
4742,158.07,3
4743,158.10,3
4744,158.13,4
4745,158.17,4
4746,158.20,4
4747,158.23,4
4748,158.27,4
4749,158.30,4
4750,158.33,4
4751,158.37,4
4752,158.40,4
4753,158.43,4
4754,158.47,4
4755,158.50,4
4756,158.53,4
4757,158.57,4
4758,158.60,3
4759,158.63,3
4760,158.67,3
4761,158.70,3
4762,158.73,3
4763,158.77,3
4764,158.80,3
4765,158.83,3
4766,158.87,3
4767,158.90,3
4768,158.93,3
4769,158.97,3
4770,159.00,3
4771,159.03,3
4772,159.07,3
4773,159.10,4
4774,159.13,4
4775,159.17,4
4776,159.20,4
4777,159.23,4
4778,159.27,4
4779,159.30,4
4780,159.33,4
4781,159.37,4
4782,159.40,3
4783,159.43,3
4784,159.47,3
4785,159.50,3
4786,159.53,3
4787,159.57,3
4788,159.60,3
4789,159.63,3
4790,159.67,3
4791,159.70,3
4792,159.73,3
4793,159.77,3
4794,159.80,3
4795,159.83,3
4796,159.87,3
4797,159.90,3
4798,159.93,3
4799,159.97,3
4800,160.00,3
4801,160.03,3
4802,160.07,3
4803,160.10,3
4804,160.13,3
4805,160.17,3
4806,160.20,3
4807,160.23,3
4808,160.27,3
4809,160.30,3
4810,160.33,4
4811,160.37,4
4812,160.40,4
4813,160.43,4
4814,160.47,4
4815,160.50,4
4816,160.53,4
4817,160.57,4
4818,160.60,4
4819,160.63,4
4820,160.67,4
4821,160.70,4
4822,160.73,4
4823,160.77,4
4824,160.80,4
4825,160.83,4
4826,160.87,4
4827,160.90,4
4828,160.93,4
4829,160.97,4
4830,161.00,4
4831,161.03,4
4832,161.07,4
4833,161.10,4
4834,161.13,4
4835,161.17,4
4836,161.20,4
4837,161.23,4
4838,161.27,4
4839,161.30,4
4840,161.33,4
4841,161.37,4
4842,161.40,4
4843,161.43,4
4844,161.47,4
4845,161.50,4
4846,161.53,4
4847,161.57,4
4848,161.60,4
4849,161.63,4
4850,161.67,4
4851,161.70,4
4852,161.73,4
4853,161.77,4
4854,161.80,4
4855,161.83,4
4856,161.87,4
4857,161.90,4
4858,161.93,4
4859,161.97,4
4860,162.00,4
4861,162.03,4
4862,162.07,4
4863,162.10,4
4864,162.13,4
4865,162.17,4
4866,162.20,4
4867,162.23,4
4868,162.27,4
4869,162.30,4
4870,162.33,4
4871,162.37,4
4872,162.40,4
4873,162.43,4
4874,162.47,4
4875,162.50,4
4876,162.53,4
4877,162.57,4
4878,162.60,4
4879,162.63,4
4880,162.67,4
4881,162.70,4
4882,162.73,4
4883,162.77,4
4884,162.80,4
4885,162.83,4
4886,162.87,4
4887,162.90,4
4888,162.93,4
4889,162.97,4
4890,163.00,4
4891,163.03,4
4892,163.07,4
4893,163.10,4
4894,163.13,4
4895,163.17,4
4896,163.20,4
4897,163.23,4
4898,163.27,4
4899,163.30,4
4900,163.33,4
4901,163.37,4
4902,163.40,4
4903,163.43,4
4904,163.47,4
4905,163.50,4
4906,163.53,4
4907,163.57,4
4908,163.60,4
4909,163.63,4
4910,163.67,4
4911,163.70,4
4912,163.73,4
4913,163.77,4
4914,163.80,4
4915,163.83,4
4916,163.87,4
4917,163.90,4
4918,163.93,4
4919,163.97,4
4920,164.00,4
4921,164.03,4
4922,164.07,4
4923,164.10,4
4924,164.13,4
4925,164.17,4
4926,164.20,4
4927,164.23,4
4928,164.27,4
4929,164.30,4
4930,164.33,4
4931,164.37,4
4932,164.40,4
4933,164.43,4
4934,164.47,4
4935,164.50,4
4936,164.53,4
4937,164.57,4
4938,164.60,4
4939,164.63,4
4940,164.67,4
4941,164.70,4
4942,164.73,4
4943,164.77,4
4944,164.80,4
4945,164.83,4
4946,164.87,4
4947,164.90,4
4948,164.93,4
4949,164.97,4
4950,165.00,4
4951,165.03,4
4952,165.07,4
4953,165.10,4
4954,165.13,4
4955,165.17,4
4956,165.20,4
4957,165.23,4
4958,165.27,4
4959,165.30,4
4960,165.33,4
4961,165.37,4
4962,165.40,4
4963,165.43,4
4964,165.47,4
4965,165.50,4
4966,165.53,4
4967,165.57,4
4968,165.60,4
4969,165.63,4
4970,165.67,4
4971,165.70,4
4972,165.73,4
4973,165.77,4
4974,165.80,4
4975,165.83,4
4976,165.87,4
4977,165.90,4
4978,165.93,4
4979,165.97,4
4980,166.00,4
4981,166.03,4
4982,166.07,4
4983,166.10,4
4984,166.13,4
4985,166.17,4
4986,166.20,4
4987,166.23,4
4988,166.27,4
4989,166.30,4
4990,166.33,4
4991,166.37,4
4992,166.40,4
4993,166.43,4
4994,166.47,4
4995,166.50,4
4996,166.53,4
4997,166.57,4
4998,166.60,4
4999,166.63,4
5000,166.67,4
5001,166.70,4
5002,166.73,4
5003,166.77,4
5004,166.80,4
5005,166.83,4
5006,166.87,4
5007,166.90,4
5008,166.93,4
5009,166.97,4
5010,167.00,4
5011,167.03,4
5012,167.07,4
5013,167.10,4
5014,167.13,4
5015,167.17,4
5016,167.20,4
5017,167.23,4
5018,167.27,4
5019,167.30,4
5020,167.33,4
5021,167.37,4
5022,167.40,4
5023,167.43,4
5024,167.47,4
5025,167.50,4
5026,167.53,4
5027,167.57,4
5028,167.60,4
5029,167.63,4
5030,167.67,4
5031,167.70,4
5032,167.73,4
5033,167.77,4
5034,167.80,4
5035,167.83,4
5036,167.87,4
5037,167.90,4
5038,167.93,4
5039,167.97,4
5040,168.00,4
5041,168.03,4
5042,168.07,4
5043,168.10,4
5044,168.13,3
5045,168.17,3
5046,168.20,4
5047,168.23,4
5048,168.27,4
5049,168.30,3
5050,168.33,3
5051,168.37,3
5052,168.40,4
5053,168.43,4
5054,168.47,4
5055,168.50,3
5056,168.53,4
5057,168.57,4
5058,168.60,3
5059,168.63,3
5060,168.67,3
5061,168.70,3
5062,168.73,3
5063,168.77,3
5064,168.80,3
5065,168.83,3
5066,168.87,3
5067,168.90,3
5068,168.93,3
5069,168.97,3
5070,169.00,3
5071,169.03,3
5072,169.07,3
5073,169.10,3
5074,169.13,3
5075,169.17,3
5076,169.20,3
5077,169.23,3
5078,169.27,3
5079,169.30,3
5080,169.33,3
5081,169.37,3
5082,169.40,4
5083,169.43,4
5084,169.47,4
5085,169.50,4
5086,169.53,4
5087,169.57,4
5088,169.60,4
5089,169.63,4
5090,169.67,4
5091,169.70,4
5092,169.73,4
5093,169.77,4
5094,169.80,4
5095,169.83,4
5096,169.87,4
5097,169.90,4
5098,169.93,4
5099,169.97,4
5100,170.00,4
5101,170.03,4
5102,170.07,4
5103,170.10,4
5104,170.13,4
5105,170.17,4
5106,170.20,4
5107,170.23,4
5108,170.27,4
5109,170.30,4
5110,170.33,4
5111,170.37,4
5112,170.40,4
5113,170.43,4
5114,170.47,4
5115,170.50,4
5116,170.53,4
5117,170.57,4
5118,170.60,4
5119,170.63,4
5120,170.67,4
5121,170.70,4
5122,170.73,4
5123,170.77,4
5124,170.80,4
5125,170.83,4
5126,170.87,4
5127,170.90,4
5128,170.93,4
5129,170.97,4
5130,171.00,4
5131,171.03,4
5132,171.07,4
5133,171.10,4
5134,171.13,4
5135,171.17,4
5136,171.20,4
5137,171.23,4
5138,171.27,4
5139,171.30,4
5140,171.33,4
5141,171.37,4
5142,171.40,4
5143,171.43,4
5144,171.47,4
5145,171.50,4
5146,171.53,4
5147,171.57,4
5148,171.60,4
5149,171.63,4
5150,171.67,4
5151,171.70,4
5152,171.73,4
5153,171.77,4
5154,171.80,4
5155,171.83,4
5156,171.87,4
5157,171.90,4
5158,171.93,4
5159,171.97,4
5160,172.00,4
5161,172.03,4
5162,172.07,4
5163,172.10,4
5164,172.13,4
5165,172.17,4
5166,172.20,4
5167,172.23,4
5168,172.27,4
5169,172.30,4
5170,172.33,4
5171,172.37,4
5172,172.40,4
5173,172.43,4
5174,172.47,4
5175,172.50,4
5176,172.53,4
5177,172.57,4
5178,172.60,4
5179,172.63,4
5180,172.67,4
5181,172.70,4
5182,172.73,3
5183,172.77,3
5184,172.80,4
5185,172.83,4
5186,172.87,4
5187,172.90,4
5188,172.93,4
5189,172.97,4
5190,173.00,4
5191,173.03,4
5192,173.07,4
5193,173.10,4
5194,173.13,3
5195,173.17,3
5196,173.20,4
5197,173.23,4
5198,173.27,4
5199,173.30,4
5200,173.33,4
5201,173.37,4
5202,173.40,4
5203,173.43,4
5204,173.47,4
5205,173.50,4
5206,173.53,4
5207,173.57,4
5208,173.60,4
5209,173.63,4
5210,173.67,4
5211,173.70,4
5212,173.73,4
5213,173.77,4
5214,173.80,4
5215,173.83,4
5216,173.87,4
5217,173.90,4
5218,173.93,4
5219,173.97,4
5220,174.00,4
5221,174.03,4
5222,174.07,4
5223,174.10,3
5224,174.13,3
5225,174.17,3
5226,174.20,3
5227,174.23,3
5228,174.27,3
5229,174.30,3
5230,174.33,3
5231,174.37,3
5232,174.40,3
5233,174.43,3
5234,174.47,3
5235,174.50,4
5236,174.53,4
5237,174.57,4
5238,174.60,3
5239,174.63,3
5240,174.67,3
5241,174.70,3
5242,174.73,3
5243,174.77,3
5244,174.80,3
5245,174.83,3
5246,174.87,3
5247,174.90,3
5248,174.93,3
5249,174.97,4
5250,175.00,3
5251,175.03,3
5252,175.07,3
5253,175.10,3
5254,175.13,3
5255,175.17,3
5256,175.20,3
5257,175.23,3
5258,175.27,3
5259,175.30,3
5260,175.33,3
5261,175.37,3
5262,175.40,3
5263,175.43,3
5264,175.47,3
5265,175.50,3
5266,175.53,3
5267,175.57,3
5268,175.60,3
5269,175.63,3
5270,175.67,3
5271,175.70,3
5272,175.73,3
5273,175.77,3
5274,175.80,3
5275,175.83,4
5276,175.87,4
5277,175.90,4
5278,175.93,4
5279,175.97,4
5280,176.00,4
5281,176.03,4
5282,176.07,4
5283,176.10,4
5284,176.13,4
5285,176.17,4
5286,176.20,4
5287,176.23,4
5288,176.27,4
5289,176.30,4
5290,176.33,4
5291,176.37,4
5292,176.40,4
5293,176.43,4
5294,176.47,4
5295,176.50,4
5296,176.53,4
5297,176.57,4
5298,176.60,4
5299,176.63,4
5300,176.67,4
5301,176.70,4
5302,176.73,4
5303,176.77,4
5304,176.80,4
5305,176.83,4
5306,176.87,4
5307,176.90,4
5308,176.93,4
5309,176.97,3
5310,177.00,4
5311,177.03,3
5312,177.07,3
5313,177.10,3
5314,177.13,3
5315,177.17,3
5316,177.20,3
5317,177.23,3
5318,177.27,3
5319,177.30,3
5320,177.33,3
5321,177.37,4
5322,177.40,3
5323,177.43,3
5324,177.47,3
5325,177.50,3
5326,177.53,3
5327,177.57,3
5328,177.60,3
5329,177.63,3
5330,177.67,3
5331,177.70,3
5332,177.73,3
5333,177.77,3
5334,177.80,3
5335,177.83,3
5336,177.87,3
5337,177.90,3
5338,177.93,3
5339,177.97,3
5340,178.00,3
5341,178.03,3
5342,178.07,3
5343,178.10,3
5344,178.13,3
5345,178.17,3
5346,178.20,3
5347,178.23,3
5348,178.27,3
5349,178.30,3
5350,178.33,3
5351,178.37,3
5352,178.40,3
5353,178.43,3
5354,178.47,3
5355,178.50,3
5356,178.53,3
5357,178.57,3
5358,178.60,3
5359,178.63,3
5360,178.67,3
5361,178.70,3
5362,178.73,3
5363,178.77,3
5364,178.80,3
5365,178.83,3
5366,178.87,3
5367,178.90,4
5368,178.93,4
5369,178.97,4
5370,179.00,4
5371,179.03,4
5372,179.07,4
5373,179.10,4
5374,179.13,4
5375,179.17,4
5376,179.20,4
5377,179.23,4
5378,179.27,4
5379,179.30,3
5380,179.33,3
5381,179.37,3
5382,179.40,4
5383,179.43,4
5384,179.47,3
5385,179.50,4
5386,179.53,4
5387,179.57,4
5388,179.60,4
5389,179.63,4
5390,179.67,4
5391,179.70,4
5392,179.73,4
5393,179.77,4
5394,179.80,4
5395,179.83,4
5396,179.87,4
5397,179.90,4
5398,179.93,4
5399,179.97,4
5400,180.00,4
5401,180.03,4
5402,180.07,4
5403,180.10,4
5404,180.13,4
5405,180.17,4
5406,180.20,4
5407,180.23,4
5408,180.27,4
5409,180.30,4
5410,180.33,4
5411,180.37,4
5412,180.40,4
5413,180.43,4
5414,180.47,4
5415,180.50,4
5416,180.53,4
5417,180.57,4
5418,180.60,4
5419,180.63,4
5420,180.67,4
5421,180.70,4
5422,180.73,4
5423,180.77,4
5424,180.80,4
5425,180.83,4
5426,180.87,4
5427,180.90,4
5428,180.93,4
5429,180.97,4
5430,181.00,4
5431,181.03,4
5432,181.07,4
5433,181.10,4
5434,181.13,4
5435,181.17,4
5436,181.20,4
5437,181.23,4
5438,181.27,4
5439,181.30,4
5440,181.33,4
5441,181.37,4
5442,181.40,4
5443,181.43,4
5444,181.47,4
5445,181.50,4
5446,181.53,4
5447,181.57,4
5448,181.60,4
5449,181.63,4
5450,181.67,4
5451,181.70,4
5452,181.73,4
5453,181.77,4
5454,181.80,4
5455,181.83,4
5456,181.87,4
5457,181.90,4
5458,181.93,4
5459,181.97,4
5460,182.00,4
5461,182.03,4
5462,182.07,4
5463,182.10,4
5464,182.13,4
5465,182.17,3
5466,182.20,3
5467,182.23,3
5468,182.27,3
5469,182.30,3
5470,182.33,3
5471,182.37,3
5472,182.40,3
5473,182.43,3
5474,182.47,3
5475,182.50,3
5476,182.53,3
5477,182.57,3
5478,182.60,3
5479,182.63,3
5480,182.67,3
5481,182.70,3
5482,182.73,3
5483,182.77,3
5484,182.80,3
5485,182.83,3
5486,182.87,3
5487,182.90,3
5488,182.93,3
5489,182.97,3
5490,183.00,3
5491,183.03,3
5492,183.07,3
5493,183.10,3
5494,183.13,3
5495,183.17,3
5496,183.20,3
5497,183.23,3
5498,183.27,3
5499,183.30,3
5500,183.33,3
5501,183.37,3
5502,183.40,3
5503,183.43,3
5504,183.47,3
5505,183.50,3
5506,183.53,3
5507,183.57,3
5508,183.60,3
5509,183.63,3
5510,183.67,3
5511,183.70,3
5512,183.73,3
5513,183.77,3
5514,183.80,3
5515,183.83,3
5516,183.87,3
5517,183.90,3
5518,183.93,3
5519,183.97,4
5520,184.00,3
5521,184.03,4
5522,184.07,3
5523,184.10,3
5524,184.13,3
5525,184.17,3
5526,184.20,3
5527,184.23,3
5528,184.27,3
5529,184.30,3
5530,184.33,3
5531,184.37,3
5532,184.40,3
5533,184.43,3
5534,184.47,3
5535,184.50,3
5536,184.53,3
5537,184.57,3
5538,184.60,3
5539,184.63,3
5540,184.67,3
5541,184.70,3
5542,184.73,3
5543,184.77,3
5544,184.80,3
5545,184.83,3
5546,184.87,3
5547,184.90,3
5548,184.93,3
5549,184.97,3
5550,185.00,3
5551,185.03,3
5552,185.07,3
5553,185.10,3
5554,185.13,3
5555,185.17,3
5556,185.20,3
5557,185.23,4
5558,185.27,4
5559,185.30,4
5560,185.33,4
5561,185.37,4
5562,185.40,4
5563,185.43,4
5564,185.47,4
5565,185.50,4
5566,185.53,3
5567,185.57,3
5568,185.60,3
5569,185.63,4
5570,185.67,4
5571,185.70,4
5572,185.73,4
5573,185.77,4
5574,185.80,4
5575,185.83,4
5576,185.87,4
5577,185.90,4
5578,185.93,4
5579,185.97,4
5580,186.00,4
5581,186.03,4
5582,186.07,4
5583,186.10,3
5584,186.13,3
5585,186.17,3
5586,186.20,3
5587,186.23,3
5588,186.27,3
5589,186.30,3
5590,186.33,3
5591,186.37,3
5592,186.40,3
5593,186.43,3
5594,186.47,3
5595,186.50,3
5596,186.53,3
5597,186.57,3
5598,186.60,3
5599,186.63,3
5600,186.67,3
5601,186.70,3
5602,186.73,3
5603,186.77,3
5604,186.80,3
5605,186.83,3
5606,186.87,3
5607,186.90,3
5608,186.93,3
5609,186.97,3
5610,187.00,3
5611,187.03,3
5612,187.07,3
5613,187.10,3
5614,187.13,3
5615,187.17,3
5616,187.20,3
5617,187.23,3
5618,187.27,3
5619,187.30,3
5620,187.33,3
5621,187.37,3
5622,187.40,3
5623,187.43,3
5624,187.47,3
5625,187.50,3
5626,187.53,3
5627,187.57,3
5628,187.60,3
5629,187.63,4
5630,187.67,4
5631,187.70,4
5632,187.73,4
5633,187.77,4
5634,187.80,4
5635,187.83,4
5636,187.87,4
5637,187.90,4
5638,187.93,4
5639,187.97,4
5640,188.00,4
5641,188.03,4
5642,188.07,4
5643,188.10,4
5644,188.13,4
5645,188.17,4
5646,188.20,4
5647,188.23,4
5648,188.27,4
5649,188.30,4
5650,188.33,4
5651,188.37,4
5652,188.40,4
5653,188.43,4
5654,188.47,4
5655,188.50,4
5656,188.53,4
5657,188.57,4
5658,188.60,4
5659,188.63,4
5660,188.67,4
5661,188.70,4
5662,188.73,4
5663,188.77,4
5664,188.80,4
5665,188.83,4
5666,188.87,4
5667,188.90,4
5668,188.93,4
5669,188.97,4
5670,189.00,4
5671,189.03,4
5672,189.07,4
5673,189.10,4
5674,189.13,4
5675,189.17,4
5676,189.20,4
5677,189.23,4
5678,189.27,4
5679,189.30,4
5680,189.33,4
5681,189.37,4
5682,189.40,4
5683,189.43,4
5684,189.47,4
5685,189.50,4
5686,189.53,4
5687,189.57,4
5688,189.60,4
5689,189.63,4
5690,189.67,4
5691,189.70,4
5692,189.73,4
5693,189.77,4
5694,189.80,4
5695,189.83,4
5696,189.87,4
5697,189.90,4
5698,189.93,4
5699,189.97,4
5700,190.00,4
5701,190.03,4
5702,190.07,4
5703,190.10,4
5704,190.13,4
5705,190.17,4
5706,190.20,4
5707,190.23,4
5708,190.27,4
5709,190.30,4
5710,190.33,4
5711,190.37,4
5712,190.40,4
5713,190.43,4
5714,190.47,4
5715,190.50,4
5716,190.53,4
5717,190.57,4
5718,190.60,4
5719,190.63,4
5720,190.67,4
5721,190.70,4
5722,190.73,4
5723,190.77,4
5724,190.80,4
5725,190.83,4
5726,190.87,4
5727,190.90,4
5728,190.93,4
5729,190.97,4
5730,191.00,4
5731,191.03,4
5732,191.07,4
5733,191.10,4
5734,191.13,4
5735,191.17,4
5736,191.20,4
5737,191.23,4
5738,191.27,4
5739,191.30,4
5740,191.33,4
5741,191.37,4
5742,191.40,4
5743,191.43,4
5744,191.47,4
5745,191.50,4
5746,191.53,4
5747,191.57,4
5748,191.60,4
5749,191.63,4
5750,191.67,4
5751,191.70,4
5752,191.73,4
5753,191.77,4
5754,191.80,4
5755,191.83,4
5756,191.87,4
5757,191.90,4
5758,191.93,4
5759,191.97,4
5760,192.00,4
5761,192.03,4
5762,192.07,4
5763,192.10,4
5764,192.13,4
5765,192.17,4
5766,192.20,4
5767,192.23,4
5768,192.27,4
5769,192.30,4
5770,192.33,4
5771,192.37,4
5772,192.40,4
5773,192.43,4
5774,192.47,4
5775,192.50,4
5776,192.53,4
5777,192.57,4
5778,192.60,4
5779,192.63,4
5780,192.67,4
5781,192.70,4
5782,192.73,4
5783,192.77,4
5784,192.80,4
5785,192.83,4
5786,192.87,4
5787,192.90,4
5788,192.93,4
5789,192.97,4
5790,193.00,4
5791,193.03,4
5792,193.07,4
5793,193.10,4
5794,193.13,4
5795,193.17,4
5796,193.20,4
5797,193.23,4
5798,193.27,4
5799,193.30,4
5800,193.33,4
5801,193.37,4
5802,193.40,4
5803,193.43,4
5804,193.47,4
5805,193.50,4
5806,193.53,4
5807,193.57,4
5808,193.60,4
5809,193.63,4
5810,193.67,4
5811,193.70,4
5812,193.73,4
5813,193.77,4
5814,193.80,4
5815,193.83,4
5816,193.87,4
5817,193.90,4
5818,193.93,4
5819,193.97,4
5820,194.00,4
5821,194.03,4
5822,194.07,4
5823,194.10,4
5824,194.13,4
5825,194.17,4
5826,194.20,4
5827,194.23,4
5828,194.27,4
5829,194.30,4
5830,194.33,4
5831,194.37,4
5832,194.40,4
5833,194.43,4
5834,194.47,4
5835,194.50,4
5836,194.53,4
5837,194.57,4
5838,194.60,4
5839,194.63,4
5840,194.67,4
5841,194.70,4
5842,194.73,4
5843,194.77,4
5844,194.80,4
5845,194.83,4
5846,194.87,4
5847,194.90,4
5848,194.93,4
5849,194.97,4
5850,195.00,4
5851,195.03,4
5852,195.07,4
5853,195.10,4
5854,195.13,4
5855,195.17,4
5856,195.20,4
5857,195.23,4
5858,195.27,4
5859,195.30,4
5860,195.33,4
5861,195.37,4
5862,195.40,4
5863,195.43,4
5864,195.47,4
5865,195.50,4
5866,195.53,4
5867,195.57,4
5868,195.60,4
5869,195.63,4
5870,195.67,4
5871,195.70,4
5872,195.73,4
5873,195.77,4
5874,195.80,4
5875,195.83,4
5876,195.87,4
5877,195.90,4
5878,195.93,4
5879,195.97,4
5880,196.00,4
5881,196.03,4
5882,196.07,4
5883,196.10,4
5884,196.13,4
5885,196.17,4
5886,196.20,4
5887,196.23,4
5888,196.27,4
5889,196.30,4
5890,196.33,4
5891,196.37,4
5892,196.40,4
5893,196.43,4
5894,196.47,4
5895,196.50,4
5896,196.53,4
5897,196.57,4
5898,196.60,4
5899,196.63,4
5900,196.67,4
5901,196.70,4
5902,196.73,4
5903,196.77,4
5904,196.80,4
5905,196.83,4
5906,196.87,4
5907,196.90,4
5908,196.93,4
5909,196.97,4
5910,197.00,4
5911,197.03,4
5912,197.07,4
5913,197.10,4
5914,197.13,4
5915,197.17,4
5916,197.20,4
5917,197.23,4
5918,197.27,4
5919,197.30,4
5920,197.33,4
5921,197.37,4
5922,197.40,4
5923,197.43,4
5924,197.47,4
5925,197.50,4
5926,197.53,4
5927,197.57,4
5928,197.60,4
5929,197.63,4
5930,197.67,4
5931,197.70,4
5932,197.73,4
5933,197.77,4
5934,197.80,4
5935,197.83,4
5936,197.87,4
5937,197.90,4
5938,197.93,4
5939,197.97,4
5940,198.00,4
5941,198.03,4
5942,198.07,4
5943,198.10,4
5944,198.13,4
5945,198.17,4
5946,198.20,4
5947,198.23,4
5948,198.27,4
5949,198.30,4
5950,198.33,4
5951,198.37,4
5952,198.40,4
5953,198.43,4
5954,198.47,4
5955,198.50,4
5956,198.53,4
5957,198.57,4
5958,198.60,4
5959,198.63,4
5960,198.67,4
5961,198.70,4
5962,198.73,4
5963,198.77,4
5964,198.80,4
5965,198.83,4
5966,198.87,4
5967,198.90,4
5968,198.93,4
5969,198.97,4
5970,199.00,4
5971,199.03,4
5972,199.07,4
5973,199.10,4
5974,199.13,4
5975,199.17,4
5976,199.20,4
5977,199.23,4
5978,199.27,4
5979,199.30,4
5980,199.33,4
5981,199.37,4
5982,199.40,4
5983,199.43,4
5984,199.47,4
5985,199.50,4
5986,199.53,4
5987,199.57,4
5988,199.60,4
5989,199.63,4
5990,199.67,4
5991,199.70,4
5992,199.73,4
5993,199.77,4
5994,199.80,4
5995,199.83,4
5996,199.87,4
5997,199.90,4
5998,199.93,4
5999,199.97,4
6000,200.00,4
6001,200.03,4
6002,200.07,4
6003,200.10,4
6004,200.13,4
6005,200.17,4
6006,200.20,4
6007,200.23,4
6008,200.27,4
6009,200.30,4
6010,200.33,4
6011,200.37,4
6012,200.40,4
6013,200.43,4
6014,200.47,4
6015,200.50,4
6016,200.53,4
6017,200.57,4
6018,200.60,4
6019,200.63,4
6020,200.67,4
6021,200.70,4
6022,200.73,4
6023,200.77,4
6024,200.80,4
6025,200.83,4
6026,200.87,4
6027,200.90,4
6028,200.93,4
6029,200.97,4
6030,201.00,4
6031,201.03,4
6032,201.07,4
6033,201.10,4
6034,201.13,4
6035,201.17,4
6036,201.20,4
6037,201.23,4
6038,201.27,4
6039,201.30,4
6040,201.33,4
6041,201.37,4
6042,201.40,4
6043,201.43,4
6044,201.47,4
6045,201.50,4
6046,201.53,4
6047,201.57,4
6048,201.60,4
6049,201.63,4
6050,201.67,4
6051,201.70,4
6052,201.73,4
6053,201.77,4
6054,201.80,4
6055,201.83,4
6056,201.87,4
6057,201.90,4
6058,201.93,4
6059,201.97,4
6060,202.00,4
6061,202.03,4
6062,202.07,4
6063,202.10,4
6064,202.13,4
6065,202.17,4
6066,202.20,4
6067,202.23,4
6068,202.27,4
6069,202.30,4
6070,202.33,4
6071,202.37,4
6072,202.40,4
6073,202.43,4
6074,202.47,4
6075,202.50,4
6076,202.53,4
6077,202.57,4
6078,202.60,4
6079,202.63,4
6080,202.67,4
6081,202.70,4
6082,202.73,4
6083,202.77,4
6084,202.80,4
6085,202.83,4
6086,202.87,4
6087,202.90,4
6088,202.93,4
6089,202.97,4
6090,203.00,4
6091,203.03,4
6092,203.07,4
6093,203.10,4
6094,203.13,4
6095,203.17,4
6096,203.20,4
6097,203.23,4
6098,203.27,4
6099,203.30,4
6100,203.33,4
6101,203.37,4
6102,203.40,4
6103,203.43,4
6104,203.47,4
6105,203.50,4
6106,203.53,4
6107,203.57,4
6108,203.60,4
6109,203.63,4
6110,203.67,4
6111,203.70,4
6112,203.73,4
6113,203.77,4
6114,203.80,4
6115,203.83,4
6116,203.87,4
6117,203.90,4
6118,203.93,4
6119,203.97,4
6120,204.00,4
6121,204.03,4
6122,204.07,4
6123,204.10,4
6124,204.13,4
6125,204.17,4
6126,204.20,4
6127,204.23,4
6128,204.27,4
6129,204.30,4
6130,204.33,4
6131,204.37,4
6132,204.40,4
6133,204.43,4
6134,204.47,4
6135,204.50,4
6136,204.53,4
6137,204.57,4
6138,204.60,4
6139,204.63,4
6140,204.67,4
6141,204.70,4
6142,204.73,4
6143,204.77,4
6144,204.80,4
6145,204.83,4
6146,204.87,4
6147,204.90,4
6148,204.93,4
6149,204.97,4
6150,205.00,4
6151,205.03,4
6152,205.07,4
6153,205.10,4
6154,205.13,4
6155,205.17,4
6156,205.20,4
6157,205.23,4
6158,205.27,4
6159,205.30,4
6160,205.33,4
6161,205.37,4
6162,205.40,4
6163,205.43,4
6164,205.47,4
6165,205.50,4
6166,205.53,4
6167,205.57,4
6168,205.60,4
6169,205.63,4
6170,205.67,4
6171,205.70,4
6172,205.73,4
6173,205.77,4
6174,205.80,4
6175,205.83,4
6176,205.87,4
6177,205.90,4
6178,205.93,4
6179,205.97,4
6180,206.00,4
6181,206.03,4
6182,206.07,4
6183,206.10,4
6184,206.13,4
6185,206.17,4
6186,206.20,4
6187,206.23,4
6188,206.27,4
6189,206.30,4
6190,206.33,4
6191,206.37,4
6192,206.40,4
6193,206.43,4
6194,206.47,4
6195,206.50,4
6196,206.53,4
6197,206.57,4
6198,206.60,4
6199,206.63,4
6200,206.67,4
6201,206.70,4
6202,206.73,4
6203,206.77,4
6204,206.80,4
6205,206.83,4
6206,206.87,4
6207,206.90,4
6208,206.93,4
6209,206.97,4
6210,207.00,4
6211,207.03,4
6212,207.07,4
6213,207.10,4
6214,207.13,4
6215,207.17,4
6216,207.20,4
6217,207.23,4
6218,207.27,4
6219,207.30,4
6220,207.33,4
6221,207.37,4
6222,207.40,4
6223,207.43,4
6224,207.47,4
6225,207.50,4
6226,207.53,4
6227,207.57,4
6228,207.60,4
6229,207.63,4
6230,207.67,4
6231,207.70,4
6232,207.73,4
6233,207.77,4
6234,207.80,4
6235,207.83,4
6236,207.87,4
6237,207.90,4
6238,207.93,4
6239,207.97,4
6240,208.00,4
6241,208.03,4
6242,208.07,4
6243,208.10,4
6244,208.13,4
6245,208.17,4
6246,208.20,4
6247,208.23,4
6248,208.27,4
6249,208.30,4
6250,208.33,4
6251,208.37,4
6252,208.40,4
6253,208.43,4
6254,208.47,4
6255,208.50,4
6256,208.53,4
6257,208.57,4
6258,208.60,4
6259,208.63,4
6260,208.67,4
6261,208.70,4
6262,208.73,4
6263,208.77,4
6264,208.80,4
6265,208.83,4
6266,208.87,4
6267,208.90,4
6268,208.93,4
6269,208.97,4
6270,209.00,4
6271,209.03,4
6272,209.07,4
6273,209.10,4
6274,209.13,4
6275,209.17,4
6276,209.20,4
6277,209.23,4
6278,209.27,4
6279,209.30,4
6280,209.33,4
6281,209.37,4
6282,209.40,4
6283,209.43,4
6284,209.47,4
6285,209.50,4
6286,209.53,4
6287,209.57,4
6288,209.60,4
6289,209.63,4
6290,209.67,4
6291,209.70,4
6292,209.73,4
6293,209.77,4
6294,209.80,4
6295,209.83,4
6296,209.87,4
6297,209.90,4
6298,209.93,4
6299,209.97,4
6300,210.00,4
6301,210.03,4
6302,210.07,4
6303,210.10,4
6304,210.13,4
6305,210.17,4
6306,210.20,4
6307,210.23,4
6308,210.27,4
6309,210.30,4
6310,210.33,4
6311,210.37,4
6312,210.40,4
6313,210.43,4
6314,210.47,4
6315,210.50,4
6316,210.53,4
6317,210.57,4
6318,210.60,4
6319,210.63,4
6320,210.67,4
6321,210.70,4
6322,210.73,4
6323,210.77,4
6324,210.80,4
6325,210.83,4
6326,210.87,4
6327,210.90,4
6328,210.93,4
6329,210.97,4
6330,211.00,4
6331,211.03,4
6332,211.07,4
6333,211.10,4
6334,211.13,4
6335,211.17,4
6336,211.20,4
6337,211.23,4
6338,211.27,4
6339,211.30,4
6340,211.33,4
6341,211.37,4
6342,211.40,4
6343,211.43,4
6344,211.47,4
6345,211.50,4
6346,211.53,4
6347,211.57,4
6348,211.60,4
6349,211.63,4
6350,211.67,4
6351,211.70,4
6352,211.73,4
6353,211.77,4
6354,211.80,4
6355,211.83,4
6356,211.87,4
6357,211.90,4
6358,211.93,4
6359,211.97,4
6360,212.00,4
6361,212.03,4
6362,212.07,4
6363,212.10,4
6364,212.13,4
6365,212.17,4
6366,212.20,4
6367,212.23,4
6368,212.27,4
6369,212.30,4
6370,212.33,4
6371,212.37,4
6372,212.40,4
6373,212.43,4
6374,212.47,4
6375,212.50,4
6376,212.53,4
6377,212.57,4
6378,212.60,4
6379,212.63,4
6380,212.67,4
6381,212.70,4
6382,212.73,4
6383,212.77,4
6384,212.80,4
6385,212.83,4
6386,212.87,4
6387,212.90,4
6388,212.93,4
6389,212.97,4
6390,213.00,4
6391,213.03,4
6392,213.07,4
6393,213.10,4
6394,213.13,4
6395,213.17,4
6396,213.20,4
6397,213.23,4
6398,213.27,4
6399,213.30,4
6400,213.33,4
6401,213.37,4
6402,213.40,4
6403,213.43,4
6404,213.47,4
6405,213.50,4
6406,213.53,4
6407,213.57,4
6408,213.60,4
6409,213.63,4
6410,213.67,4
6411,213.70,4
6412,213.73,4
6413,213.77,4
6414,213.80,4
6415,213.83,4
6416,213.87,4
6417,213.90,4
6418,213.93,4
6419,213.97,4
6420,214.00,4
6421,214.03,4
6422,214.07,4
6423,214.10,4
6424,214.13,4
6425,214.17,4
6426,214.20,4
6427,214.23,4
6428,214.27,4
6429,214.30,4
6430,214.33,4
6431,214.37,4
6432,214.40,4
6433,214.43,4
6434,214.47,4
6435,214.50,4
6436,214.53,4
6437,214.57,4
6438,214.60,4
6439,214.63,4
6440,214.67,4
6441,214.70,4
6442,214.73,4
6443,214.77,4
6444,214.80,4
6445,214.83,4
6446,214.87,4
6447,214.90,4
6448,214.93,4
6449,214.97,4
6450,215.00,4
6451,215.03,4
6452,215.07,4
6453,215.10,4
6454,215.13,4
6455,215.17,4
6456,215.20,4
6457,215.23,4
6458,215.27,4
6459,215.30,4
6460,215.33,4
6461,215.37,4
6462,215.40,4
6463,215.43,4
6464,215.47,4
6465,215.50,4
6466,215.53,4
6467,215.57,4
6468,215.60,4
6469,215.63,4
6470,215.67,4
6471,215.70,4
6472,215.73,4
6473,215.77,4
6474,215.80,4
6475,215.83,4
6476,215.87,4
6477,215.90,4
6478,215.93,4
6479,215.97,4
6480,216.00,4
6481,216.03,4
6482,216.07,4
6483,216.10,4
6484,216.13,4
6485,216.17,4
6486,216.20,4
6487,216.23,4
6488,216.27,4
6489,216.30,4
6490,216.33,4
6491,216.37,4
6492,216.40,4
6493,216.43,4
6494,216.47,4
6495,216.50,4
6496,216.53,4
6497,216.57,4
6498,216.60,4
6499,216.63,4
6500,216.67,4
6501,216.70,4
6502,216.73,4
6503,216.77,4
6504,216.80,4
6505,216.83,4
6506,216.87,4
6507,216.90,4
6508,216.93,4
6509,216.97,4
6510,217.00,4
6511,217.03,4
6512,217.07,4
6513,217.10,4
6514,217.13,4
6515,217.17,4
6516,217.20,4
6517,217.23,4
6518,217.27,4
6519,217.30,4
6520,217.33,4
6521,217.37,4
6522,217.40,4
6523,217.43,4
6524,217.47,4
6525,217.50,4
6526,217.53,4
6527,217.57,4
6528,217.60,4
6529,217.63,4
6530,217.67,4
6531,217.70,4
6532,217.73,4
6533,217.77,4
6534,217.80,4
6535,217.83,4
6536,217.87,4
6537,217.90,4
6538,217.93,4
6539,217.97,4
6540,218.00,4
6541,218.03,4
6542,218.07,4
6543,218.10,4
6544,218.13,4
6545,218.17,4
6546,218.20,4
6547,218.23,4
6548,218.27,4
6549,218.30,4
6550,218.33,4
6551,218.37,4
6552,218.40,4
6553,218.43,4
6554,218.47,4
6555,218.50,4
6556,218.53,4
6557,218.57,4
6558,218.60,4
6559,218.63,4
6560,218.67,4
6561,218.70,4
6562,218.73,4
6563,218.77,4
6564,218.80,4
6565,218.83,4
6566,218.87,4
6567,218.90,4
6568,218.93,4
6569,218.97,4
6570,219.00,4
6571,219.03,4
6572,219.07,4
6573,219.10,4
6574,219.13,4
6575,219.17,4
6576,219.20,4
6577,219.23,4
6578,219.27,4
6579,219.30,4
6580,219.33,4
6581,219.37,4
6582,219.40,4
6583,219.43,4
6584,219.47,4
6585,219.50,4
6586,219.53,4
6587,219.57,4
6588,219.60,4
6589,219.63,4
6590,219.67,4
6591,219.70,4
6592,219.73,4
6593,219.77,4
6594,219.80,4
6595,219.83,4
6596,219.87,4
6597,219.90,4
6598,219.93,4
6599,219.97,4
6600,220.00,4
6601,220.03,4
6602,220.07,4
6603,220.10,4
6604,220.13,4
6605,220.17,4
6606,220.20,4
6607,220.23,4
6608,220.27,4
6609,220.30,4
6610,220.33,4
6611,220.37,4
6612,220.40,4
6613,220.43,4
6614,220.47,4
6615,220.50,4
6616,220.53,4
6617,220.57,4
6618,220.60,4
6619,220.63,4
6620,220.67,4
6621,220.70,4
6622,220.73,4
6623,220.77,4
6624,220.80,4
6625,220.83,4
6626,220.87,4
6627,220.90,4
6628,220.93,4
6629,220.97,4
6630,221.00,4
6631,221.03,4
6632,221.07,4
6633,221.10,4
6634,221.13,4
6635,221.17,4
6636,221.20,4
6637,221.23,4
6638,221.27,4
6639,221.30,4
6640,221.33,4
6641,221.37,4
6642,221.40,4
6643,221.43,4
6644,221.47,4
6645,221.50,4
6646,221.53,4
6647,221.57,4
6648,221.60,4
6649,221.63,4
6650,221.67,4
6651,221.70,4
6652,221.73,4
6653,221.77,4
6654,221.80,4
6655,221.83,4
6656,221.87,4
6657,221.90,4
6658,221.93,4
6659,221.97,4
6660,222.00,4
6661,222.03,4
6662,222.07,4
6663,222.10,4
6664,222.13,4
6665,222.17,4
6666,222.20,4
6667,222.23,4
6668,222.27,4
6669,222.30,4
6670,222.33,4
6671,222.37,4
6672,222.40,4
6673,222.43,4
6674,222.47,4
6675,222.50,4
6676,222.53,4
6677,222.57,4
6678,222.60,4
6679,222.63,4
6680,222.67,4
6681,222.70,4
6682,222.73,4
6683,222.77,4
6684,222.80,4
6685,222.83,4
6686,222.87,4
6687,222.90,4
6688,222.93,4
6689,222.97,4
6690,223.00,4
6691,223.03,4
6692,223.07,4
6693,223.10,4
6694,223.13,4
6695,223.17,4
6696,223.20,4
6697,223.23,4
6698,223.27,4
6699,223.30,4
6700,223.33,4
6701,223.37,4
6702,223.40,4
6703,223.43,4
6704,223.47,4
6705,223.50,4
6706,223.53,4
6707,223.57,4
6708,223.60,4
6709,223.63,4
6710,223.67,4
6711,223.70,4
6712,223.73,4
6713,223.77,4
6714,223.80,4
6715,223.83,4
6716,223.87,4
6717,223.90,4
6718,223.93,4
6719,223.97,4
6720,224.00,4
6721,224.03,5
6722,224.07,5
6723,224.10,5
6724,224.13,5
6725,224.17,5
6726,224.20,5
6727,224.23,4
6728,224.27,4
6729,224.30,5
6730,224.33,5
6731,224.37,5
6732,224.40,5
6733,224.43,5
6734,224.47,5
6735,224.50,5
6736,224.53,5
6737,224.57,5
6738,224.60,5
6739,224.63,5
6740,224.67,5
6741,224.70,5
6742,224.73,5
6743,224.77,5
6744,224.80,5
6745,224.83,5
6746,224.87,5
6747,224.90,5
6748,224.93,5
6749,224.97,5
6750,225.00,5
6751,225.03,5
6752,225.07,5
6753,225.10,5
6754,225.13,5
6755,225.17,5
6756,225.20,5
6757,225.23,5
6758,225.27,5
6759,225.30,5
6760,225.33,5
6761,225.37,5
6762,225.40,5
6763,225.43,5
6764,225.47,5
6765,225.50,5
6766,225.53,5
6767,225.57,5
6768,225.60,5
6769,225.63,5
6770,225.67,5
6771,225.70,5
6772,225.73,5
6773,225.77,5
6774,225.80,4
6775,225.83,4
6776,225.87,4
6777,225.90,4
6778,225.93,4
6779,225.97,4
6780,226.00,4
6781,226.03,4
6782,226.07,4
6783,226.10,4
6784,226.13,4
6785,226.17,4
6786,226.20,5
6787,226.23,5
6788,226.27,5
6789,226.30,5
6790,226.33,5
6791,226.37,5
6792,226.40,4
6793,226.43,4
6794,226.47,4
6795,226.50,4
6796,226.53,4
6797,226.57,4
6798,226.60,4
6799,226.63,4
6800,226.67,4
6801,226.70,4
6802,226.73,4
6803,226.77,4
6804,226.80,4
6805,226.83,5
6806,226.87,5
6807,226.90,5
6808,226.93,5
6809,226.97,5
6810,227.00,5
6811,227.03,5
6812,227.07,5
6813,227.10,5
6814,227.13,5
6815,227.17,5
6816,227.20,5
6817,227.23,5
6818,227.27,5
6819,227.30,5
6820,227.33,5
6821,227.37,5
6822,227.40,5
6823,227.43,5
6824,227.47,5
6825,227.50,5
6826,227.53,5
6827,227.57,5
6828,227.60,4
6829,227.63,4
6830,227.67,4
6831,227.70,4
6832,227.73,4
6833,227.77,4
6834,227.80,4
6835,227.83,4
6836,227.87,4
6837,227.90,4
6838,227.93,4
6839,227.97,4
6840,228.00,4
6841,228.03,4
6842,228.07,4
6843,228.10,4
6844,228.13,4
6845,228.17,4
6846,228.20,4
6847,228.23,4
6848,228.27,4
6849,228.30,4
6850,228.33,4
6851,228.37,4
6852,228.40,4
6853,228.43,4
6854,228.47,4
6855,228.50,4
6856,228.53,4
6857,228.57,4
6858,228.60,4
6859,228.63,4
6860,228.67,4
6861,228.70,4
6862,228.73,4
6863,228.77,4
6864,228.80,4
6865,228.83,4
6866,228.87,4
6867,228.90,4
6868,228.93,4
6869,228.97,4
6870,229.00,4
6871,229.03,4
6872,229.07,4
6873,229.10,4
6874,229.13,4
6875,229.17,4
6876,229.20,4
6877,229.23,4
6878,229.27,4
6879,229.30,4
6880,229.33,4
6881,229.37,4
6882,229.40,4
6883,229.43,4
6884,229.47,4
6885,229.50,4
6886,229.53,4
6887,229.57,4
6888,229.60,4
6889,229.63,4
6890,229.67,4
6891,229.70,4
6892,229.73,4
6893,229.77,4
6894,229.80,4
6895,229.83,4
6896,229.87,4
6897,229.90,4
6898,229.93,4
6899,229.97,4
6900,230.00,4
6901,230.03,4
6902,230.07,4
6903,230.10,4
6904,230.13,4
6905,230.17,4
6906,230.20,4
6907,230.23,4
6908,230.27,4
6909,230.30,4
6910,230.33,4
6911,230.37,4
6912,230.40,4
6913,230.43,4
6914,230.47,4
6915,230.50,4
6916,230.53,4
6917,230.57,4
6918,230.60,4
6919,230.63,4
6920,230.67,4
6921,230.70,4
6922,230.73,4
6923,230.77,4
6924,230.80,4
6925,230.83,4
6926,230.87,4
6927,230.90,4
6928,230.93,4
6929,230.97,4
6930,231.00,4
6931,231.03,4
6932,231.07,4
6933,231.10,4
6934,231.13,4
6935,231.17,4
6936,231.20,4
6937,231.23,4
6938,231.27,4
6939,231.30,4
6940,231.33,4
6941,231.37,4
6942,231.40,4
6943,231.43,4
6944,231.47,4
6945,231.50,4
6946,231.53,4
6947,231.57,4
6948,231.60,4
6949,231.63,4
6950,231.67,4
6951,231.70,4
6952,231.73,4
6953,231.77,4
6954,231.80,4
6955,231.83,4
6956,231.87,4
6957,231.90,4
6958,231.93,4
6959,231.97,4
6960,232.00,5
6961,232.03,5
6962,232.07,5
6963,232.10,5
6964,232.13,5
6965,232.17,5
6966,232.20,5
6967,232.23,5
6968,232.27,5
6969,232.30,5
6970,232.33,5
6971,232.37,5
6972,232.40,5
6973,232.43,5
6974,232.47,5
6975,232.50,5
6976,232.53,5
6977,232.57,5
6978,232.60,5
6979,232.63,5
6980,232.67,5
6981,232.70,5
6982,232.73,5
6983,232.77,5
6984,232.80,5
6985,232.83,5
6986,232.87,5
6987,232.90,5
6988,232.93,5
6989,232.97,5
6990,233.00,5
6991,233.03,5
6992,233.07,5
6993,233.10,5
6994,233.13,5
6995,233.17,5
6996,233.20,5
6997,233.23,5
6998,233.27,5
6999,233.30,5
7000,233.33,5
7001,233.37,5
7002,233.40,5
7003,233.43,5
7004,233.47,5
7005,233.50,5
7006,233.53,5
7007,233.57,5
7008,233.60,4
7009,233.63,4
7010,233.67,4
7011,233.70,4
7012,233.73,4
7013,233.77,4
7014,233.80,5
7015,233.83,4
7016,233.87,4
7017,233.90,5
7018,233.93,5
7019,233.97,5
7020,234.00,5
7021,234.03,5
7022,234.07,5
7023,234.10,5
7024,234.13,5
7025,234.17,5
7026,234.20,4
7027,234.23,4
7028,234.27,4
7029,234.30,5
7030,234.33,5
7031,234.37,5
7032,234.40,5
7033,234.43,5
7034,234.47,5
7035,234.50,5
7036,234.53,5
7037,234.57,5
7038,234.60,4
7039,234.63,4
7040,234.67,4
7041,234.70,4
7042,234.73,4
7043,234.77,4
7044,234.80,4
7045,234.83,5
7046,234.87,5
7047,234.90,5
7048,234.93,5
7049,234.97,5
7050,235.00,5
7051,235.03,5
7052,235.07,5
7053,235.10,5
7054,235.13,5
7055,235.17,5
7056,235.20,5
7057,235.23,5
7058,235.27,5
7059,235.30,5
7060,235.33,5
7061,235.37,5
7062,235.40,5
7063,235.43,5
7064,235.47,5
7065,235.50,5
7066,235.53,5
7067,235.57,5
7068,235.60,5
7069,235.63,5
7070,235.67,5
7071,235.70,5
7072,235.73,5
7073,235.77,5
7074,235.80,5
7075,235.83,5
7076,235.87,5
7077,235.90,4
7078,235.93,4
7079,235.97,4
7080,236.00,5
7081,236.03,5
7082,236.07,5
7083,236.10,5
7084,236.13,5
7085,236.17,5
7086,236.20,5
7087,236.23,5
7088,236.27,5
7089,236.30,5
7090,236.33,5
7091,236.37,5
7092,236.40,5
7093,236.43,5
7094,236.47,5
7095,236.50,5
7096,236.53,5
7097,236.57,5
7098,236.60,5
7099,236.63,5
7100,236.67,5
7101,236.70,5
7102,236.73,5
7103,236.77,5
7104,236.80,5
7105,236.83,5
7106,236.87,5
7107,236.90,5
7108,236.93,5
7109,236.97,5
7110,237.00,5
7111,237.03,5
7112,237.07,5
7113,237.10,5
7114,237.13,5
7115,237.17,5
7116,237.20,5
7117,237.23,5
7118,237.27,5
7119,237.30,5
7120,237.33,5
7121,237.37,5
7122,237.40,5
7123,237.43,5
7124,237.47,5
7125,237.50,5
7126,237.53,5
7127,237.57,5
7128,237.60,5
7129,237.63,5
7130,237.67,5
7131,237.70,5
7132,237.73,5
7133,237.77,5
7134,237.80,5
7135,237.83,5
7136,237.87,5
7137,237.90,5
7138,237.93,5
7139,237.97,5
7140,238.00,4
7141,238.03,4
7142,238.07,4
7143,238.10,4
7144,238.13,4
7145,238.17,4
7146,238.20,4
7147,238.23,4
7148,238.27,4
7149,238.30,4
7150,238.33,4
7151,238.37,4
7152,238.40,4
7153,238.43,4
7154,238.47,4
7155,238.50,4
7156,238.53,4
7157,238.57,4
7158,238.60,4
7159,238.63,4
7160,238.67,4
7161,238.70,4
7162,238.73,4
7163,238.77,4
7164,238.80,4
7165,238.83,4
7166,238.87,4
7167,238.90,4
7168,238.93,4
7169,238.97,4
7170,239.00,4
7171,239.03,4
7172,239.07,4
7173,239.10,4
7174,239.13,4
7175,239.17,4
7176,239.20,4
7177,239.23,4
7178,239.27,4
7179,239.30,4
7180,239.33,4
7181,239.37,4
7182,239.40,4
7183,239.43,4
7184,239.47,4
7185,239.50,4
7186,239.53,4
7187,239.57,4
7188,239.60,4
7189,239.63,4
7190,239.67,4
7191,239.70,4
7192,239.73,4
7193,239.77,4
7194,239.80,4
7195,239.83,4
7196,239.87,4
7197,239.90,4
7198,239.93,4
7199,239.97,4
7200,240.00,4
7201,240.03,4
7202,240.07,4
7203,240.10,4
7204,240.13,4
7205,240.17,4
7206,240.20,4
7207,240.23,4
7208,240.27,4
7209,240.30,4
7210,240.33,4
7211,240.37,4
7212,240.40,4
7213,240.43,4
7214,240.47,4
7215,240.50,4
7216,240.53,4
7217,240.57,4
7218,240.60,4
7219,240.63,4
7220,240.67,4
7221,240.70,4
7222,240.73,4
7223,240.77,4
7224,240.80,4
7225,240.83,4
7226,240.87,4
7227,240.90,4
7228,240.93,4
7229,240.97,4
7230,241.00,4
7231,241.03,4
7232,241.07,4
7233,241.10,4
7234,241.13,4
7235,241.17,4
7236,241.20,4
7237,241.23,4
7238,241.27,4
7239,241.30,4
7240,241.33,4
7241,241.37,4
7242,241.40,4
7243,241.43,4
7244,241.47,4
7245,241.50,4
7246,241.53,4
7247,241.57,4
7248,241.60,4
7249,241.63,4
7250,241.67,4
7251,241.70,4
7252,241.73,4
7253,241.77,4
7254,241.80,4
7255,241.83,4
7256,241.87,4
7257,241.90,4
7258,241.93,4
7259,241.97,4
7260,242.00,4
7261,242.03,4
7262,242.07,4
7263,242.10,4
7264,242.13,4
7265,242.17,4
7266,242.20,4
7267,242.23,4
7268,242.27,4
7269,242.30,4
7270,242.33,4
7271,242.37,4
7272,242.40,4
7273,242.43,4
7274,242.47,4
7275,242.50,4
7276,242.53,4
7277,242.57,4
7278,242.60,4
7279,242.63,4
7280,242.67,4
7281,242.70,4
7282,242.73,4
7283,242.77,4
7284,242.80,4
7285,242.83,4
7286,242.87,4
7287,242.90,4
7288,242.93,4
7289,242.97,4
7290,243.00,4
7291,243.03,4
7292,243.07,4
7293,243.10,4
7294,243.13,4
7295,243.17,4
7296,243.20,4
7297,243.23,4
7298,243.27,4
7299,243.30,4
7300,243.33,4
7301,243.37,4
7302,243.40,4
7303,243.43,4
7304,243.47,4
7305,243.50,4
7306,243.53,4
7307,243.57,4
7308,243.60,4
7309,243.63,4
7310,243.67,4
7311,243.70,4
7312,243.73,4
7313,243.77,4
7314,243.80,4
7315,243.83,4
7316,243.87,4
7317,243.90,4
7318,243.93,4
7319,243.97,4
7320,244.00,4
7321,244.03,4
7322,244.07,4
7323,244.10,4
7324,244.13,4
7325,244.17,4
7326,244.20,4
7327,244.23,4
7328,244.27,4
7329,244.30,4
7330,244.33,4
7331,244.37,4
7332,244.40,4
7333,244.43,4
7334,244.47,4
7335,244.50,4
7336,244.53,4
7337,244.57,4
7338,244.60,4
7339,244.63,4
7340,244.67,4
7341,244.70,4
7342,244.73,4
7343,244.77,4
7344,244.80,4
7345,244.83,4
7346,244.87,4
7347,244.90,5
7348,244.93,5
7349,244.97,5
7350,245.00,4
7351,245.03,4
7352,245.07,4
7353,245.10,4
7354,245.13,4
7355,245.17,4
7356,245.20,4
7357,245.23,4
7358,245.27,4
7359,245.30,4
7360,245.33,4
7361,245.37,4
7362,245.40,4
7363,245.43,4
7364,245.47,4
7365,245.50,4
7366,245.53,4
7367,245.57,4
7368,245.60,4
7369,245.63,4
7370,245.67,4
7371,245.70,4
7372,245.73,4
7373,245.77,4
7374,245.80,4
7375,245.83,4
7376,245.87,4
7377,245.90,4
7378,245.93,4
7379,245.97,4
7380,246.00,4
7381,246.03,4
7382,246.07,4
7383,246.10,4
7384,246.13,4
7385,246.17,4
7386,246.20,4
7387,246.23,4
7388,246.27,4
7389,246.30,4
7390,246.33,4
7391,246.37,4
7392,246.40,4
7393,246.43,4
7394,246.47,4
7395,246.50,4
7396,246.53,4
7397,246.57,4
7398,246.60,4
7399,246.63,4
7400,246.67,4
7401,246.70,4
7402,246.73,4
7403,246.77,4
7404,246.80,4
7405,246.83,4
7406,246.87,4
7407,246.90,4
7408,246.93,4
7409,246.97,4
7410,247.00,4
7411,247.03,4
7412,247.07,4
7413,247.10,4
7414,247.13,4
7415,247.17,4
7416,247.20,4
7417,247.23,4
7418,247.27,4
7419,247.30,4
7420,247.33,4
7421,247.37,4
7422,247.40,4
7423,247.43,4
7424,247.47,4
7425,247.50,4
7426,247.53,4
7427,247.57,4
7428,247.60,4
7429,247.63,4
7430,247.67,4
7431,247.70,4
7432,247.73,4
7433,247.77,4
7434,247.80,4
7435,247.83,4
7436,247.87,4
7437,247.90,4
7438,247.93,4
7439,247.97,4
7440,248.00,4
7441,248.03,4
7442,248.07,4
7443,248.10,4
7444,248.13,4
7445,248.17,4
7446,248.20,4
7447,248.23,4
7448,248.27,4
7449,248.30,4
7450,248.33,4
7451,248.37,4
7452,248.40,4
7453,248.43,4
7454,248.47,4
7455,248.50,4
7456,248.53,4
7457,248.57,4
7458,248.60,4
7459,248.63,4
7460,248.67,4
7461,248.70,4
7462,248.73,4
7463,248.77,4
7464,248.80,4
7465,248.83,4
7466,248.87,4
7467,248.90,4
7468,248.93,4
7469,248.97,4
7470,249.00,4
7471,249.03,4
7472,249.07,4
7473,249.10,4
7474,249.13,4
7475,249.17,4
7476,249.20,4
7477,249.23,4
7478,249.27,4
7479,249.30,4
7480,249.33,4
7481,249.37,4
7482,249.40,4
7483,249.43,4
7484,249.47,4
7485,249.50,4
7486,249.53,4
7487,249.57,4
7488,249.60,4
7489,249.63,4
7490,249.67,4
7491,249.70,4
7492,249.73,4
7493,249.77,4
7494,249.80,4
7495,249.83,4
7496,249.87,4
7497,249.90,4
7498,249.93,4
7499,249.97,4
7500,250.00,4
7501,250.03,4
7502,250.07,4
7503,250.10,4
7504,250.13,4
7505,250.17,4
7506,250.20,4
7507,250.23,4
7508,250.27,4
7509,250.30,4
7510,250.33,4
7511,250.37,4
7512,250.40,4
7513,250.43,4
7514,250.47,4
7515,250.50,4
7516,250.53,4
7517,250.57,4
7518,250.60,4
7519,250.63,4
7520,250.67,4
7521,250.70,4
7522,250.73,4
7523,250.77,4
7524,250.80,4
7525,250.83,4
7526,250.87,4
7527,250.90,4
7528,250.93,4
7529,250.97,4
7530,251.00,4
7531,251.03,4
7532,251.07,4
7533,251.10,4
7534,251.13,4
7535,251.17,4
7536,251.20,4
7537,251.23,4
7538,251.27,4
7539,251.30,4
7540,251.33,4
7541,251.37,4
7542,251.40,4
7543,251.43,4
7544,251.47,4
7545,251.50,4
7546,251.53,4
7547,251.57,4
7548,251.60,4
7549,251.63,4
7550,251.67,4
7551,251.70,4
7552,251.73,4
7553,251.77,4
7554,251.80,4
7555,251.83,4
7556,251.87,4
7557,251.90,4
7558,251.93,4
7559,251.97,4
7560,252.00,4
7561,252.03,4
7562,252.07,4
7563,252.10,4
7564,252.13,4
7565,252.17,4
7566,252.20,4
7567,252.23,4
7568,252.27,4
7569,252.30,4
7570,252.33,4
7571,252.37,4
7572,252.40,4
7573,252.43,4
7574,252.47,4
7575,252.50,4
7576,252.53,4
7577,252.57,4
7578,252.60,4
7579,252.63,4
7580,252.67,4
7581,252.70,4
7582,252.73,4
7583,252.77,4
7584,252.80,4
7585,252.83,4
7586,252.87,4
7587,252.90,4
7588,252.93,4
7589,252.97,4
7590,253.00,4
7591,253.03,4
7592,253.07,4
7593,253.10,4
7594,253.13,4
7595,253.17,4
7596,253.20,4
7597,253.23,4
7598,253.27,4
7599,253.30,4
7600,253.33,4
7601,253.37,4
7602,253.40,4
7603,253.43,4
7604,253.47,4
7605,253.50,4
7606,253.53,4
7607,253.57,4
7608,253.60,4
7609,253.63,4
7610,253.67,4
7611,253.70,4
7612,253.73,4
7613,253.77,4
7614,253.80,4
7615,253.83,4
7616,253.87,4
7617,253.90,4
7618,253.93,4
7619,253.97,4
7620,254.00,4
7621,254.03,4
7622,254.07,4
7623,254.10,4
7624,254.13,4
7625,254.17,4
7626,254.20,4
7627,254.23,4
7628,254.27,4
7629,254.30,4
7630,254.33,4
7631,254.37,4
7632,254.40,4
7633,254.43,4
7634,254.47,4
7635,254.50,4
7636,254.53,4
7637,254.57,4
7638,254.60,4
7639,254.63,4
7640,254.67,4
7641,254.70,4
7642,254.73,4
7643,254.77,4
7644,254.80,4
7645,254.83,4
7646,254.87,4
7647,254.90,4
7648,254.93,4
7649,254.97,4
7650,255.00,4
7651,255.03,4
7652,255.07,4
7653,255.10,4
7654,255.13,4
7655,255.17,4
7656,255.20,4
7657,255.23,4
7658,255.27,4
7659,255.30,4
7660,255.33,4
7661,255.37,4
7662,255.40,4
7663,255.43,4
7664,255.47,4
7665,255.50,4
7666,255.53,4
7667,255.57,4
7668,255.60,4
7669,255.63,4
7670,255.67,4
7671,255.70,4
7672,255.73,4
7673,255.77,4
7674,255.80,4
7675,255.83,4
7676,255.87,4
7677,255.90,4
7678,255.93,4
7679,255.97,4
7680,256.00,4
7681,256.03,4
7682,256.07,4
7683,256.10,4
7684,256.13,4
7685,256.17,4
7686,256.20,4
7687,256.23,4
7688,256.27,4
7689,256.30,4
7690,256.33,4
7691,256.37,4
7692,256.40,4
7693,256.43,4
7694,256.47,4
7695,256.50,4
7696,256.53,4
7697,256.57,4
7698,256.60,4
7699,256.63,4
7700,256.67,4
7701,256.70,4
7702,256.73,4
7703,256.77,4
7704,256.80,4
7705,256.83,4
7706,256.87,4
7707,256.90,4
7708,256.93,4
7709,256.97,4
7710,257.00,4
7711,257.03,4
7712,257.07,4
7713,257.10,4
7714,257.13,4
7715,257.17,4
7716,257.20,4
7717,257.23,4
7718,257.27,4
7719,257.30,4
7720,257.33,4
7721,257.37,4
7722,257.40,4
7723,257.43,4
7724,257.47,4
7725,257.50,4
7726,257.53,4
7727,257.57,4
7728,257.60,4
7729,257.63,4
7730,257.67,4
7731,257.70,4
7732,257.73,4
7733,257.77,4
7734,257.80,4
7735,257.83,4
7736,257.87,4
7737,257.90,4
7738,257.93,4
7739,257.97,4
7740,258.00,4
7741,258.03,4
7742,258.07,4
7743,258.10,4
7744,258.13,4
7745,258.17,4
7746,258.20,4
7747,258.23,4
7748,258.27,4
7749,258.30,4
7750,258.33,4
7751,258.37,4
7752,258.40,4
7753,258.43,4
7754,258.47,4
7755,258.50,4
7756,258.53,4
7757,258.57,4
7758,258.60,4
7759,258.63,4
7760,258.67,4
7761,258.70,4
7762,258.73,4
7763,258.77,4
7764,258.80,4
7765,258.83,4
7766,258.87,4
7767,258.90,4
7768,258.93,4
7769,258.97,4
7770,259.00,4
7771,259.03,4
7772,259.07,4
7773,259.10,4
7774,259.13,4
7775,259.17,4
7776,259.20,4
7777,259.23,4
7778,259.27,4
7779,259.30,4
7780,259.33,4
7781,259.37,4
7782,259.40,4
7783,259.43,4
7784,259.47,4
7785,259.50,4
7786,259.53,4
7787,259.57,4
7788,259.60,4
7789,259.63,4
7790,259.67,4
7791,259.70,4
7792,259.73,4
7793,259.77,4
7794,259.80,4
7795,259.83,4
7796,259.87,4
7797,259.90,4
7798,259.93,4
7799,259.97,4
7800,260.00,4
7801,260.03,4
7802,260.07,4
7803,260.10,4
7804,260.13,4
7805,260.17,4
7806,260.20,4
7807,260.23,4
7808,260.27,4
7809,260.30,4
7810,260.33,4
7811,260.37,4
7812,260.40,4
7813,260.43,4
7814,260.47,4
7815,260.50,4
7816,260.53,4
7817,260.57,4
7818,260.60,4
7819,260.63,4
7820,260.67,4
7821,260.70,4
7822,260.73,4
7823,260.77,4
7824,260.80,4
7825,260.83,4
7826,260.87,4
7827,260.90,4
7828,260.93,4
7829,260.97,4
7830,261.00,4
7831,261.03,4
7832,261.07,4
7833,261.10,4
7834,261.13,4
7835,261.17,4
7836,261.20,4
7837,261.23,4
7838,261.27,4
7839,261.30,4
7840,261.33,4
7841,261.37,4
7842,261.40,4
7843,261.43,4
7844,261.47,4
7845,261.50,4
7846,261.53,4
7847,261.57,4
7848,261.60,4
7849,261.63,4
7850,261.67,4
7851,261.70,4
7852,261.73,4
7853,261.77,4
7854,261.80,4
7855,261.83,4
7856,261.87,4
7857,261.90,4
7858,261.93,4
7859,261.97,4
7860,262.00,4
7861,262.03,4
7862,262.07,4
7863,262.10,4
7864,262.13,4
7865,262.17,4
7866,262.20,4
7867,262.23,4
7868,262.27,4
7869,262.30,4
7870,262.33,4
7871,262.37,4
7872,262.40,4
7873,262.43,4
7874,262.47,4
7875,262.50,4
7876,262.53,4
7877,262.57,4
7878,262.60,4
7879,262.63,4
7880,262.67,4
7881,262.70,4
7882,262.73,4
7883,262.77,4
7884,262.80,4
7885,262.83,4
7886,262.87,4
7887,262.90,4
7888,262.93,4
7889,262.97,4
7890,263.00,4
7891,263.03,4
7892,263.07,4
7893,263.10,4
7894,263.13,4
7895,263.17,4
7896,263.20,4
7897,263.23,4
7898,263.27,4
7899,263.30,4
7900,263.33,4
7901,263.37,4
7902,263.40,4
7903,263.43,4
7904,263.47,4
7905,263.50,4
7906,263.53,4
7907,263.57,4
7908,263.60,4
7909,263.63,4
7910,263.67,4
7911,263.70,4
7912,263.73,4
7913,263.77,4
7914,263.80,4
7915,263.83,4
7916,263.87,4
7917,263.90,4
7918,263.93,4
7919,263.97,4
7920,264.00,4
7921,264.03,4
7922,264.07,4
7923,264.10,4
7924,264.13,4
7925,264.17,4
7926,264.20,4
7927,264.23,4
7928,264.27,4
7929,264.30,4
7930,264.33,4
7931,264.37,4
7932,264.40,4
7933,264.43,4
7934,264.47,4
7935,264.50,4
7936,264.53,4
7937,264.57,4
7938,264.60,4
7939,264.63,4
7940,264.67,4
7941,264.70,4
7942,264.73,4
7943,264.77,4
7944,264.80,4
7945,264.83,4
7946,264.87,4
7947,264.90,4
7948,264.93,4
7949,264.97,4
7950,265.00,4
7951,265.03,4
7952,265.07,4
7953,265.10,4
7954,265.13,4
7955,265.17,4
7956,265.20,4
7957,265.23,4
7958,265.27,4
7959,265.30,4
7960,265.33,4
7961,265.37,4
7962,265.40,4
7963,265.43,4
7964,265.47,4
7965,265.50,4
7966,265.53,4
7967,265.57,4
7968,265.60,4
7969,265.63,4
7970,265.67,4
7971,265.70,4
7972,265.73,4
7973,265.77,4
7974,265.80,4
7975,265.83,4
7976,265.87,4
7977,265.90,4
7978,265.93,4
7979,265.97,4
7980,266.00,4
7981,266.03,4
7982,266.07,4
7983,266.10,4
7984,266.13,4
7985,266.17,4
7986,266.20,4
7987,266.23,4
7988,266.27,4
7989,266.30,4
7990,266.33,4
7991,266.37,4
7992,266.40,4
7993,266.43,4
7994,266.47,4
7995,266.50,4
7996,266.53,4
7997,266.57,4
7998,266.60,4
7999,266.63,4
8000,266.67,4
8001,266.70,4
8002,266.73,4
8003,266.77,4
8004,266.80,4
8005,266.83,4
8006,266.87,4
8007,266.90,4
8008,266.93,4
8009,266.97,4
8010,267.00,4
8011,267.03,4
8012,267.07,4
8013,267.10,4
8014,267.13,4
8015,267.17,4
8016,267.20,4
8017,267.23,4
8018,267.27,4
8019,267.30,4
8020,267.33,4
8021,267.37,4
8022,267.40,4
8023,267.43,4
8024,267.47,4
8025,267.50,4
8026,267.53,4
8027,267.57,4
8028,267.60,4
8029,267.63,4
8030,267.67,4
8031,267.70,4
8032,267.73,4
8033,267.77,4
8034,267.80,4
8035,267.83,4
8036,267.87,4
8037,267.90,4
8038,267.93,4
8039,267.97,4
8040,268.00,4
8041,268.03,4
8042,268.07,4
8043,268.10,4
8044,268.13,4
8045,268.17,4
8046,268.20,4
8047,268.23,4
8048,268.27,4
8049,268.30,4
8050,268.33,4
8051,268.37,4
8052,268.40,4
8053,268.43,4
8054,268.47,4
8055,268.50,4
8056,268.53,4
8057,268.57,4
8058,268.60,4
8059,268.63,4
8060,268.67,4
8061,268.70,4
8062,268.73,4
8063,268.77,4
8064,268.80,4
8065,268.83,4
8066,268.87,4
8067,268.90,4
8068,268.93,4
8069,268.97,4
8070,269.00,4
8071,269.03,4
8072,269.07,4
8073,269.10,4
8074,269.13,4
8075,269.17,4
8076,269.20,4
8077,269.23,4
8078,269.27,4
8079,269.30,4
8080,269.33,4
8081,269.37,4
8082,269.40,4
8083,269.43,4
8084,269.47,4
8085,269.50,4
8086,269.53,4
8087,269.57,4
8088,269.60,4
8089,269.63,4
8090,269.67,4
8091,269.70,4
8092,269.73,4
8093,269.77,4
8094,269.80,4
8095,269.83,4
8096,269.87,4
8097,269.90,4
8098,269.93,4
8099,269.97,4
8100,270.00,4
8101,270.03,4
8102,270.07,4
8103,270.10,4
8104,270.13,4
8105,270.17,4
8106,270.20,4
8107,270.23,4
8108,270.27,4
8109,270.30,4
8110,270.33,4
8111,270.37,4
8112,270.40,4
8113,270.43,4
8114,270.47,4
8115,270.50,4
8116,270.53,4
8117,270.57,4
8118,270.60,4
8119,270.63,4
8120,270.67,4
8121,270.70,4
8122,270.73,4
8123,270.77,4
8124,270.80,4
8125,270.83,4
8126,270.87,4
8127,270.90,4
8128,270.93,4
8129,270.97,4
8130,271.00,4
8131,271.03,4
8132,271.07,4
8133,271.10,4
8134,271.13,4
8135,271.17,4
8136,271.20,4
8137,271.23,4
8138,271.27,4
8139,271.30,4
8140,271.33,4
8141,271.37,4
8142,271.40,4
8143,271.43,4
8144,271.47,4
8145,271.50,4
8146,271.53,4
8147,271.57,4
8148,271.60,4
8149,271.63,4
8150,271.67,4
8151,271.70,4
8152,271.73,4
8153,271.77,4
8154,271.80,4
8155,271.83,4
8156,271.87,4
8157,271.90,4
8158,271.93,4
8159,271.97,4
8160,272.00,4
8161,272.03,4
8162,272.07,4
8163,272.10,4
8164,272.13,4
8165,272.17,4
8166,272.20,4
8167,272.23,4
8168,272.27,4
8169,272.30,4
8170,272.33,4
8171,272.37,4
8172,272.40,4
8173,272.43,4
8174,272.47,4
8175,272.50,4
8176,272.53,4
8177,272.57,4
8178,272.60,4
8179,272.63,4
8180,272.67,4
8181,272.70,4
8182,272.73,4
8183,272.77,4
8184,272.80,4
8185,272.83,4
8186,272.87,4
8187,272.90,4
8188,272.93,4
8189,272.97,4
8190,273.00,4
8191,273.03,4
8192,273.07,4
8193,273.10,4
8194,273.13,4
8195,273.17,4
8196,273.20,4
8197,273.23,4
8198,273.27,4
8199,273.30,4
8200,273.33,4
8201,273.37,4
8202,273.40,4
8203,273.43,4
8204,273.47,4
8205,273.50,4
8206,273.53,4
8207,273.57,4
8208,273.60,4
8209,273.63,4
8210,273.67,4
8211,273.70,4
8212,273.73,4
8213,273.77,4
8214,273.80,4
8215,273.83,4
8216,273.87,4
8217,273.90,4
8218,273.93,4
8219,273.97,4
8220,274.00,4
8221,274.03,4
8222,274.07,4
8223,274.10,4
8224,274.13,4
8225,274.17,4
8226,274.20,4
8227,274.23,4
8228,274.27,4
8229,274.30,4
8230,274.33,4
8231,274.37,4
8232,274.40,4
8233,274.43,4
8234,274.47,4
8235,274.50,4
8236,274.53,4
8237,274.57,4
8238,274.60,4
8239,274.63,4
8240,274.67,4
8241,274.70,4
8242,274.73,4
8243,274.77,4
8244,274.80,4
8245,274.83,4
8246,274.87,4
8247,274.90,4
8248,274.93,4
8249,274.97,4
8250,275.00,4
8251,275.03,4
8252,275.07,4
8253,275.10,4
8254,275.13,4
8255,275.17,4
8256,275.20,4
8257,275.23,4
8258,275.27,4
8259,275.30,4
8260,275.33,4
8261,275.37,4
8262,275.40,4
8263,275.43,4
8264,275.47,4
8265,275.50,4
8266,275.53,4
8267,275.57,4
8268,275.60,4
8269,275.63,4
8270,275.67,4
8271,275.70,4
8272,275.73,4
8273,275.77,4
8274,275.80,4
8275,275.83,4
8276,275.87,4
8277,275.90,4
8278,275.93,4
8279,275.97,4
8280,276.00,4
8281,276.03,4
8282,276.07,4
8283,276.10,4
8284,276.13,4
8285,276.17,4
8286,276.20,4
8287,276.23,4
8288,276.27,4
8289,276.30,4
8290,276.33,4
8291,276.37,4
8292,276.40,4
8293,276.43,4
8294,276.47,4
8295,276.50,4
8296,276.53,4
8297,276.57,4
8298,276.60,4
8299,276.63,4
8300,276.67,4
8301,276.70,4
8302,276.73,4
8303,276.77,4
8304,276.80,4
8305,276.83,4
8306,276.87,4
8307,276.90,4
8308,276.93,4
8309,276.97,4
8310,277.00,4
8311,277.03,4
8312,277.07,4
8313,277.10,4
8314,277.13,4
8315,277.17,4
8316,277.20,4
8317,277.23,4
8318,277.27,4
8319,277.30,4
8320,277.33,4
8321,277.37,4
8322,277.40,4
8323,277.43,4
8324,277.47,4
8325,277.50,4
8326,277.53,4
8327,277.57,4
8328,277.60,4
8329,277.63,4
8330,277.67,4
8331,277.70,4
8332,277.73,4
8333,277.77,4
8334,277.80,4
8335,277.83,4
8336,277.87,4
8337,277.90,4
8338,277.93,4
8339,277.97,4
8340,278.00,4
8341,278.03,4
8342,278.07,4
8343,278.10,4
8344,278.13,4
8345,278.17,4
8346,278.20,4
8347,278.23,4
8348,278.27,4
8349,278.30,4
8350,278.33,4
8351,278.37,4
8352,278.40,4
8353,278.43,4
8354,278.47,4
8355,278.50,4
8356,278.53,4
8357,278.57,4
8358,278.60,4
8359,278.63,4
8360,278.67,4
8361,278.70,4
8362,278.73,4
8363,278.77,4
8364,278.80,4
8365,278.83,4
8366,278.87,4
8367,278.90,4
8368,278.93,4
8369,278.97,4
8370,279.00,4
8371,279.03,4
8372,279.07,4
8373,279.10,4
8374,279.13,4
8375,279.17,4
8376,279.20,4
8377,279.23,4
8378,279.27,4
8379,279.30,4
8380,279.33,4
8381,279.37,4
8382,279.40,4
8383,279.43,4
8384,279.47,4
8385,279.50,4
8386,279.53,4
8387,279.57,4
8388,279.60,4
8389,279.63,4
8390,279.67,4
8391,279.70,4
8392,279.73,4
8393,279.77,4
8394,279.80,4
8395,279.83,4
8396,279.87,4
8397,279.90,4
8398,279.93,4
8399,279.97,4
8400,280.00,4
8401,280.03,4
8402,280.07,4
8403,280.10,4
8404,280.13,4
8405,280.17,4
8406,280.20,4
8407,280.23,4
8408,280.27,4
8409,280.30,4
8410,280.33,4
8411,280.37,4
8412,280.40,4
8413,280.43,4
8414,280.47,4
8415,280.50,4
8416,280.53,4
8417,280.57,4
8418,280.60,4
8419,280.63,4
8420,280.67,4
8421,280.70,4
8422,280.73,4
8423,280.77,4
8424,280.80,4
8425,280.83,4
8426,280.87,4
8427,280.90,4
8428,280.93,4
8429,280.97,4
8430,281.00,4
8431,281.03,4
8432,281.07,4
8433,281.10,4
8434,281.13,4
8435,281.17,4
8436,281.20,4
8437,281.23,4
8438,281.27,4
8439,281.30,4
8440,281.33,4
8441,281.37,4
8442,281.40,4
8443,281.43,4
8444,281.47,4
8445,281.50,4
8446,281.53,4
8447,281.57,4
8448,281.60,4
8449,281.63,4
8450,281.67,4
8451,281.70,4
8452,281.73,4
8453,281.77,4
8454,281.80,4
8455,281.83,4
8456,281.87,4
8457,281.90,4
8458,281.93,4
8459,281.97,4
8460,282.00,4
8461,282.03,4
8462,282.07,4
8463,282.10,4
8464,282.13,4
8465,282.17,4
8466,282.20,4
8467,282.23,4
8468,282.27,4
8469,282.30,4
8470,282.33,4
8471,282.37,4
8472,282.40,4
8473,282.43,4
8474,282.47,4
8475,282.50,4
8476,282.53,4
8477,282.57,4
8478,282.60,4
8479,282.63,4
8480,282.67,4
8481,282.70,4
8482,282.73,4
8483,282.77,4
8484,282.80,4
8485,282.83,4
8486,282.87,4
8487,282.90,4
8488,282.93,4
8489,282.97,4
8490,283.00,4
8491,283.03,4
8492,283.07,4
8493,283.10,4
8494,283.13,4
8495,283.17,4
8496,283.20,4
8497,283.23,4
8498,283.27,4
8499,283.30,4
8500,283.33,4
8501,283.37,4
8502,283.40,4
8503,283.43,4
8504,283.47,4
8505,283.50,4
8506,283.53,4
8507,283.57,4
8508,283.60,4
8509,283.63,4
8510,283.67,4
8511,283.70,4
8512,283.73,4
8513,283.77,4
8514,283.80,4
8515,283.83,4
8516,283.87,4
8517,283.90,4
8518,283.93,4
8519,283.97,4
8520,284.00,4
8521,284.03,4
8522,284.07,4
8523,284.10,4
8524,284.13,4
8525,284.17,4
8526,284.20,4
8527,284.23,4
8528,284.27,4
8529,284.30,4
8530,284.33,4
8531,284.37,4
8532,284.40,4
8533,284.43,4
8534,284.47,4
8535,284.50,4
8536,284.53,4
8537,284.57,4
8538,284.60,4
8539,284.63,3
8540,284.67,3
8541,284.70,3
8542,284.73,4
8543,284.77,4
8544,284.80,3
8545,284.83,4
8546,284.87,4
8547,284.90,4
8548,284.93,4
8549,284.97,4
8550,285.00,4
8551,285.03,4
8552,285.07,4
8553,285.10,4
8554,285.13,4
8555,285.17,4
8556,285.20,4
8557,285.23,4
8558,285.27,4
8559,285.30,4
8560,285.33,4
8561,285.37,4
8562,285.40,4
8563,285.43,4
8564,285.47,4
8565,285.50,4
8566,285.53,4
8567,285.57,4
8568,285.60,4
8569,285.63,4
8570,285.67,4
8571,285.70,4
8572,285.73,4
8573,285.77,4
8574,285.80,4
8575,285.83,4
8576,285.87,4
8577,285.90,4
8578,285.93,4
8579,285.97,4
8580,286.00,4
8581,286.03,4
8582,286.07,4
8583,286.10,4
8584,286.13,4
8585,286.17,4
8586,286.20,4
8587,286.23,4
8588,286.27,4
8589,286.30,4
8590,286.33,4
8591,286.37,4
8592,286.40,4
8593,286.43,4
8594,286.47,4
8595,286.50,4
8596,286.53,4
8597,286.57,4
8598,286.60,4
8599,286.63,4
8600,286.67,4
8601,286.70,4
8602,286.73,4
8603,286.77,4
8604,286.80,4
8605,286.83,4
8606,286.87,4
8607,286.90,4
8608,286.93,4
8609,286.97,4
8610,287.00,4
8611,287.03,4
8612,287.07,4
8613,287.10,4
8614,287.13,4
8615,287.17,4
8616,287.20,4
8617,287.23,4
8618,287.27,4
8619,287.30,4
8620,287.33,4
8621,287.37,4
8622,287.40,4
8623,287.43,4
8624,287.47,4
8625,287.50,4
8626,287.53,4
8627,287.57,4
8628,287.60,4
8629,287.63,4
8630,287.67,4
8631,287.70,4
8632,287.73,4
8633,287.77,4
8634,287.80,4
8635,287.83,4
8636,287.87,4
8637,287.90,4
8638,287.93,4
8639,287.97,4
8640,288.00,4
8641,288.03,4
8642,288.07,4
8643,288.10,4
8644,288.13,4
8645,288.17,4
8646,288.20,4
8647,288.23,4
8648,288.27,4
8649,288.30,4
8650,288.33,4
8651,288.37,4
8652,288.40,4
8653,288.43,4
8654,288.47,4
8655,288.50,4
8656,288.53,4
8657,288.57,4
8658,288.60,4
8659,288.63,4
8660,288.67,4
8661,288.70,4
8662,288.73,4
8663,288.77,4
8664,288.80,4
8665,288.83,4
8666,288.87,4
8667,288.90,4
8668,288.93,4
8669,288.97,4
8670,289.00,4
8671,289.03,4
8672,289.07,4
8673,289.10,4
8674,289.13,4
8675,289.17,4
8676,289.20,4
8677,289.23,4
8678,289.27,4
8679,289.30,4
8680,289.33,4
8681,289.37,4
8682,289.40,4
8683,289.43,4
8684,289.47,4
8685,289.50,4
8686,289.53,4
8687,289.57,4
8688,289.60,4
8689,289.63,4
8690,289.67,4
8691,289.70,4
8692,289.73,4
8693,289.77,4
8694,289.80,4
8695,289.83,4
8696,289.87,4
8697,289.90,4
8698,289.93,4
8699,289.97,4
8700,290.00,4
8701,290.03,4
8702,290.07,4
8703,290.10,4
8704,290.13,4
8705,290.17,4
8706,290.20,4
8707,290.23,4
8708,290.27,4
8709,290.30,4
8710,290.33,4
8711,290.37,4
8712,290.40,4
8713,290.43,4
8714,290.47,4
8715,290.50,4
8716,290.53,4
8717,290.57,4
8718,290.60,4
8719,290.63,4
8720,290.67,4
8721,290.70,4
8722,290.73,4
8723,290.77,4
8724,290.80,4
8725,290.83,4
8726,290.87,4
8727,290.90,4
8728,290.93,4
8729,290.97,4
8730,291.00,4
8731,291.03,4
8732,291.07,4
8733,291.10,4
8734,291.13,4
8735,291.17,4
8736,291.20,4
8737,291.23,4
8738,291.27,4
8739,291.30,4
8740,291.33,4
8741,291.37,4
8742,291.40,4
8743,291.43,4
8744,291.47,4
8745,291.50,4
8746,291.53,4
8747,291.57,4
8748,291.60,4
8749,291.63,4
8750,291.67,4
8751,291.70,4
8752,291.73,4
8753,291.77,4
8754,291.80,4
8755,291.83,4
8756,291.87,4
8757,291.90,4
8758,291.93,4
8759,291.97,4
8760,292.00,4
8761,292.03,4
8762,292.07,4
8763,292.10,4
8764,292.13,4
8765,292.17,4
8766,292.20,5
8767,292.23,5
8768,292.27,5
8769,292.30,5
8770,292.33,4
8771,292.37,4
8772,292.40,5
8773,292.43,5
8774,292.47,5
8775,292.50,4
8776,292.53,4
8777,292.57,4
8778,292.60,4
8779,292.63,4
8780,292.67,4
8781,292.70,4
8782,292.73,4
8783,292.77,4
8784,292.80,4
8785,292.83,4
8786,292.87,4
8787,292.90,4
8788,292.93,4
8789,292.97,4
8790,293.00,4
8791,293.03,4
8792,293.07,4
8793,293.10,4
8794,293.13,4
8795,293.17,4
8796,293.20,4
8797,293.23,4
8798,293.27,4
8799,293.30,4
8800,293.33,4
8801,293.37,4
8802,293.40,4
8803,293.43,4
8804,293.47,4
8805,293.50,4
8806,293.53,4
8807,293.57,4
8808,293.60,4
8809,293.63,4
8810,293.67,4
8811,293.70,4
8812,293.73,4
8813,293.77,4
8814,293.80,4
8815,293.83,4
8816,293.87,4
8817,293.90,4
8818,293.93,4
8819,293.97,4
8820,294.00,4
8821,294.03,4
8822,294.07,4
8823,294.10,4
8824,294.13,4
8825,294.17,4
8826,294.20,4
8827,294.23,4
8828,294.27,4
8829,294.30,4
8830,294.33,4
8831,294.37,4
8832,294.40,4
8833,294.43,4
8834,294.47,4
8835,294.50,4
8836,294.53,4
8837,294.57,4
8838,294.60,4
8839,294.63,4
8840,294.67,4
8841,294.70,4
8842,294.73,4
8843,294.77,4
8844,294.80,4
8845,294.83,4
8846,294.87,4
8847,294.90,4
8848,294.93,4
8849,294.97,4
8850,295.00,4
8851,295.03,4
8852,295.07,4
8853,295.10,4
8854,295.13,4
8855,295.17,4
8856,295.20,4
8857,295.23,4
8858,295.27,4
8859,295.30,4
8860,295.33,4
8861,295.37,4
8862,295.40,4
8863,295.43,4
8864,295.47,4
8865,295.50,4
8866,295.53,4
8867,295.57,4
8868,295.60,4
8869,295.63,4
8870,295.67,4
8871,295.70,4
8872,295.73,4
8873,295.77,4
8874,295.80,4
8875,295.83,4
8876,295.87,4
8877,295.90,4
8878,295.93,4
8879,295.97,4
8880,296.00,4
8881,296.03,4
8882,296.07,4
8883,296.10,4
8884,296.13,4
8885,296.17,4
8886,296.20,4
8887,296.23,4
8888,296.27,4
8889,296.30,4
8890,296.33,4
8891,296.37,4
8892,296.40,4
8893,296.43,4
8894,296.47,4
8895,296.50,4
8896,296.53,4
8897,296.57,4
8898,296.60,4
8899,296.63,4
8900,296.67,4
8901,296.70,4
8902,296.73,4
8903,296.77,4
8904,296.80,4
8905,296.83,4
8906,296.87,4
8907,296.90,4
8908,296.93,4
8909,296.97,4
8910,297.00,4
8911,297.03,4
8912,297.07,4
8913,297.10,4
8914,297.13,4
8915,297.17,4
8916,297.20,4
8917,297.23,4
8918,297.27,4
8919,297.30,4
8920,297.33,4
8921,297.37,4
8922,297.40,4
8923,297.43,4
8924,297.47,4
8925,297.50,4
8926,297.53,4
8927,297.57,4
8928,297.60,4
8929,297.63,4
8930,297.67,4
8931,297.70,4
8932,297.73,4
8933,297.77,4
8934,297.80,4
8935,297.83,4
8936,297.87,4
8937,297.90,4
8938,297.93,4
8939,297.97,4
8940,298.00,4
8941,298.03,4
8942,298.07,4
8943,298.10,4
8944,298.13,4
8945,298.17,4
8946,298.20,4
8947,298.23,4
8948,298.27,4
8949,298.30,4
8950,298.33,4
8951,298.37,4
8952,298.40,4
8953,298.43,4
8954,298.47,4
8955,298.50,4
8956,298.53,4
8957,298.57,4
8958,298.60,4
8959,298.63,4
8960,298.67,4
8961,298.70,4
8962,298.73,4
8963,298.77,4
8964,298.80,4
8965,298.83,4
8966,298.87,4
8967,298.90,4
8968,298.93,4
8969,298.97,4
8970,299.00,4
8971,299.03,5
8972,299.07,5
8973,299.10,4
8974,299.13,4
8975,299.17,4
8976,299.20,4
8977,299.23,4
8978,299.27,4
8979,299.30,5
8980,299.33,4
8981,299.37,4
8982,299.40,4
8983,299.43,4
8984,299.47,4
8985,299.50,4
8986,299.53,4
8987,299.57,4
8988,299.60,5
8989,299.63,5
8990,299.67,5
8991,299.70,4
8992,299.73,4
8993,299.77,4
8994,299.80,4
8995,299.83,4
8996,299.87,4
8997,299.90,4
8998,299.93,4
8999,299.97,4
9000,300.00,4
9001,300.03,4
9002,300.07,4
9003,300.10,4
9004,300.13,4
9005,300.17,4
9006,300.20,4
9007,300.23,4
9008,300.27,4
9009,300.30,4
9010,300.33,4
9011,300.37,4
9012,300.40,4
9013,300.43,4
9014,300.47,4
9015,300.50,5
9016,300.53,5
9017,300.57,5
9018,300.60,5
9019,300.63,5
9020,300.67,5
9021,300.70,4
9022,300.73,4
9023,300.77,4
9024,300.80,4
9025,300.83,4
9026,300.87,4
9027,300.90,4
9028,300.93,4
9029,300.97,4
9030,301.00,4
